product_id,name,price_current,price_original,currency,badges,specs,url,image
8886,Infinix GT30 8GB Shadow Ash 256GB,699.00,809.00,AZN,İlkin ödənişsiz və Faizsiz | Taksitlə al,"Ekran ölçüsü 6.78"" | SIM-kart sayı Nano-SIM + Nano-SIM | Ekran icazəsi 1224 x 2720 | Ekran növü AMOLED | Prosessor növü Mediatek Dimensity 7400 Ultra (4 nm)",https://bytelecom.az/az/products/infinix-gt30-8gb-256gb,https://bytelecom.az//media/2026/02/12/product_images/43383/infinix-gt-30.webp
8885,Honor Magic7 12GB Black 256GB,1499.00,2199.00,AZN,İlkin ödənişsiz və Faizsiz | Taksitlə al,"Ekran ölçüsü 6.78"" | Operativ yaddaş 12 GB | SIM-kart sayı Nano-SIM + Nano-SIM | Ekran icazəsi 1264 x 2800 | Ekran növü LTPO OLED",https://bytelecom.az/az/products/honor-magic7-12gb-256gb,https://bytelecom.az//media/2026/02/12/product_images/43329/honor_magic7_black.png
8882,HONOR X8d (8GB RAM) Velvet Grey 128GB,499.00,599.00,AZN,İlkin ödənişsiz və Faizsiz | Taksitlə al,"Ekran ölçüsü 6.77"" | Operativ yaddaş 8 GB | SIM-kart sayı Nano-SIM + Nano-SIM | Ekran icazəsi 1080 x 2392 | Ekran növü AMOLED",https://bytelecom.az/az/products/honor-x8d-8gb-ram,https://bytelecom.az//media/2026/02/11/product_images/43286/x8d-velvet-gray-1.jpg
8881,Motorola Edge 60 Fusion 5G 12GB 256GB Slipstream (Grey) Boz,809.00,899.00,AZN,İlkin ödənişsiz və Faizsiz | Taksitlə al | Yeni,Operativ yaddaş 12 GB | Ekran icazəsi 1220 x 2712 | Daxili yaddaş 256GB | Əsas kamera 32 MP f/2.2 | Akkumulyatorun həcmi 5200 mAh,https://bytelecom.az/az/products/motorola-edge-60-fusion-5g-12gb-256gb-slipstream-grey,https://bytelecom.az//media/2026/02/05/product_images/43265/MPHMOT117003.jpg
8880,Motorola moto G86 Power 5G 8GB 512GB Spellbound (Grey) Boz,769.00,849.00,AZN,İlkin ödənişsiz və Faizsiz | Taksitlə al | Yeni,Operativ yaddaş 8GB | Ekran icazəsi 1220 x 2712 | Daxili yaddaş 512 GB | Prosessor növü Mediatek Dimensity 7300 Ultra (4 nm) | Ön kamera 32MP (f/2.2),https://bytelecom.az/az/products/motorola-moto-g86-power-5g-8gb-512gb-spellbound-grey,https://bytelecom.az//media/2026/02/05/product_images/43263/p2Z3Xug7IvxPhAx481qXGKbQ6T2T3GH9ByJGcvna.png
8879,Motorola moto G56 5G 12GB 256GB Green 256GB,569.00,639.00,AZN,İlkin ödənişsiz və Faizsiz | Taksitlə al | Yeni,"Ekran ölçüsü 6.72"" | Operativ yaddaş 12 GB | Ekran icazəsi 1080 x 2400 | Daxili yaddaş 256GB | Akkumulyatorun həcmi 5200 mAh",https://bytelecom.az/az/products/motorola-moto-g56-5g-12gb-256gb-black-oyster,https://bytelecom.az//media/2026/02/05/product_images/43261/Motorola-Moto-G56-5G-12GB-_-256GB---Dill-Green_aab353cf-cc0d-4c76-912a-b9fa143f98b7.jpg
8878,Motorola moto G15 NFC 8GB 256GB Gravity Grey Green,379.00,429.00,AZN,İlkin ödənişsiz və Faizsiz | Taksitlə al | Yeni,"Ekran ölçüsü 6.72"" | Operativ yaddaş 8 GB | SIM-kart ölçüsü Nano-SIM | Ekran icazəsi 1080 x 2400 | Daxili yaddaş 256GB",https://bytelecom.az/az/products/smartfon-motorola-moto-g15-nfc-8gb-256gb-gravity-grey,https://bytelecom.az//media/2026/02/05/product_images/43251/gr.webp
8877,Motorola moto G06 Power NFC 8GB 256GB TAPESTRY Blue,359.00,399.00,AZN,İlkin ödənişsiz və Faizsiz | Taksitlə al | Yeni,"Ekran ölçüsü 6.88"" | Operativ yaddaş 8 GB | SIM-kart ölçüsü Nano-SIM | Ekran icazəsi 720 x 1640 | Daxili yaddaş 256GB",https://bytelecom.az/az/products/smartfon-motorola-moto-g06-power-nfc-8gb-256gb-tapestry-blue,https://bytelecom.az//media/2026/02/05/product_images/43242/blue.webp
8832,Xiaomi Redmi Note 15 Pro NFC (8GB RAM) Titanium 256GB,719.00,809.00,AZN,İlkin ödənişsiz və Faizsiz | Taksitlə al,"Ekran ölçüsü 6.83"" | Operativ yaddaş 8 GB | Ekran icazəsi 1280 x 2772 | Ekran növü AMOLED | Prosessor növü Mediatek Dimensity 7400 Ultra (4 nm)",https://bytelecom.az/az/products/xiaomi-redmi-note-15-pro-nfc-8gb-ram,https://bytelecom.az//media/2026/01/14/product_images/42982/note-15-pro-titanium-1.jpg
8831,Xiaomi Redmi Note 15 (8GB RAM) Black 256GB,549.00,659.00,AZN,İlkin ödənişsiz və Faizsiz | Taksitlə al,"Ekran ölçüsü 6.77"" | Operativ yaddaş 8 GB | Ekran icazəsi 1080 x 2392 | Ekran növü AMOLED | Prosessor növü Qualcomm SM6475-AB Snapdragon 6 Gen 3 (4 nm)",https://bytelecom.az/az/products/xiaomi-redmi-note-15-8gb-ram,https://bytelecom.az//media/2026/01/14/product_images/42970/redmi-note-15-black-1.jpg
8782,Samsung Galaxy A17 (8GB RAM) Grey 256GB,479.00,559.00,AZN,İlkin ödənişsiz və Faizsiz | Taksitlə al,Ekran ölçüsü 6.7'' | Operativ yaddaş 8 GB | Ekran icazəsi 1080 x 2340 | Ekran növü Super Amoled | Prosessor növü Exynos 1330 (5 nm),https://bytelecom.az/az/products/samsung-galaxy-a17-8gb-ram,https://bytelecom.az//media/2026/01/20/product_images/43082/a17-gray-1.jpg
8774,Xiaomi Redmi 15 NFC (6GB RAM) Grey 128GB,339.00,399.00,AZN,İlkin ödənişsiz və Faizsiz | Taksitlə al,"Ekran ölçüsü 6.9"" | Operativ yaddaş 6 GB | Ekran icazəsi 1080 x 2340 | Ekran növü IPS LCD | Prosessor növü Qualcomm SM6375 Snapdragon 6s Gen 3 (6 nm)",https://bytelecom.az/az/products/xiaomi-redmi-15-nfc-6gb-ram,https://bytelecom.az//media/2025/12/10/product_images/42516/redmi-15-gray-1.jpg
8772,Xiaomi 15T NFC (12GB RAM) Grey 256GB,1029.00,1149.00,AZN,İlkin ödənişsiz və Faizsiz | Taksitlə al,"Ekran ölçüsü 6.83"" | Operativ yaddaş 12 GB | SIM-kart ölçüsü Dual SIM (Nano-SIM, dual stand-by) | Ekran icazəsi 1280 x 2772 | Ekran növü AMOLED",https://bytelecom.az/az/products/xiaomi-15t-nfc-12gb-ram,https://bytelecom.az//media/2025/12/10/product_images/42472/15t-gray-1.jpg
8771,Samsung Galaxy S25 FE 5G NFC (8GB RAM),1149.00,1609.00,AZN,Taksitlə al | Stokda Yoxdur,Ekran ölçüsü 6.7'' | Operativ yaddaş 8 GB | Ekran icazəsi 1080 x 2340 | Ekran növü Dynamic LTPO AMOLED 2X | Prosessor növü Exynos 2400 (4 nm),https://bytelecom.az/az/products/samsung-galaxy-s25-fe-5g-nfc-8gb-ram,https://bytelecom.az//media/2025/12/10/product_images/42450/s25-fe-jet-black-1.jpg
8689,HONOR X9d NFC (12GB RAM) Forest Green 256GB,829.00,999.00,AZN,İlkin ödənişsiz və Faizsiz | Taksitlə al,"Ekran ölçüsü 6.79"" | Operativ yaddaş 12 GB | Ekran icazəsi 1200 x 2640 | Ekran növü AMOLED | Prosessor növü Qualcomm Snapdragon 6 Gen 4 (4 nm)",https://bytelecom.az/az/products/honor-x9d-nfc-12gb-ram,https://bytelecom.az//media/2025/11/07/product_images/41863/x9d-forest-green-1.jpg
8688,HONOR X9d NFC (8GB RAM) Reddish Brown 256GB,819.00,899.00,AZN,İlkin ödənişsiz və Faizsiz | Taksitlə al,"Ekran ölçüsü 6.79"" | Operativ yaddaş 8 GB | Ekran icazəsi 1200 x 2640 | Ekran növü AMOLED | Prosessor növü Qualcomm Snapdragon 6 Gen 4 (4 nm)",https://bytelecom.az/az/products/honor-x9d-nfc-8gb-ram,https://bytelecom.az//media/2025/11/07/product_images/41811/x9d-reddish-1.jpg
8682,iPhone 17 Pro Max,5699.00,6339.00,AZN,Stokda Yoxdur | Yeni,"Ekran ölçüsü 6.9"" | Operativ yaddaş 12 GB | SIM-kart ölçüsü eSim | Ekran icazəsi 2868 × 1320 | Ekran növü Super Retina XDR OLED",https://bytelecom.az/az/products/iphone-17-pro-max-3,https://bytelecom.az//media/2025/11/07/product_images/41749/17-pro-max-cosmic-orange-1.jpg
8634,iPhone Air Sky Blue 1TB,3689.00,4529.00,AZN,Taksitlə al | Yeni,Ekran ölçüsü 6.5'' | Operativ yaddaş 12 GB | SIM-kart ölçüsü eSim | Ekran icazəsi 2736 × 1260 | Ekran növü Super Retina XDR OLED,https://bytelecom.az/az/products/iphone-air-1,https://bytelecom.az//media/2025/10/24/product_images/41468/iphone-air-sky-blue-1.jpg
8633,iPhone Air Sky Blue 256GB,2559.00,3279.00,AZN,Taksitlə al | Yeni,Ekran ölçüsü 6.5'' | Operativ yaddaş 12 GB | SIM-kart ölçüsü eSim | Ekran icazəsi 2736 × 1260 | Ekran növü Super Retina XDR OLED,https://bytelecom.az/az/products/iphone-air,https://bytelecom.az//media/2025/10/24/product_images/41448/iphone-air-sky-blue-1.jpg
8632,iPhone 17 Mist blue 256GB,2369.00,2619.00,AZN,İlkin ödənişsiz və Faizsiz | Taksitlə al,Ekran ölçüsü 6.3'' | Operativ yaddaş 8 GB | SIM-kart ölçüsü eSim | Ekran icazəsi 2622 × 1206 | Ekran növü Super Retina XDR OLED,https://bytelecom.az/az/products/iphone-17,https://bytelecom.az//media/2025/11/14/product_images/41905/iphone-17-mist-blue-1.jpg
8631,iPhone 17 Pro Cosmic Orange 256GB,3249.00,3599.00,AZN,Taksitlə al | Yeni,Ekran ölçüsü 6.3'' | Operativ yaddaş 12 GB | SIM-kart ölçüsü eSim | Ekran icazəsi 2622 × 1206 | Ekran növü Super Retina XDR OLED,https://bytelecom.az/az/products/iphone-17-pro-2,https://bytelecom.az//media/2025/10/24/product_images/41478/17-pro-cosmic-orange-1.jpg
8630,iPhone 17 Pro,4339.00,4799.00,AZN,Stokda Yoxdur | Yeni,Ekran ölçüsü 6.3'' | Operativ yaddaş 12 GB | SIM-kart ölçüsü eSim | Ekran icazəsi 2622 × 1206 | Ekran növü Super Retina XDR OLED,https://bytelecom.az/az/products/iphone-17-pro-1,https://bytelecom.az//media/2025/10/24/product_images/41368/17-pro-silver-1.jpg
8629,iPhone 17 Pro Cosmic Orange 512GB,3819.00,4199.00,AZN,Taksitlə al | Yeni,Ekran ölçüsü 6.3'' | Operativ yaddaş 12 GB | SIM-kart ölçüsü eSim | Ekran icazəsi 2622 × 1206 | Ekran növü Super Retina XDR OLED,https://bytelecom.az/az/products/iphone-17-pro,https://bytelecom.az//media/2025/11/07/product_images/41739/17-pro-cosmic-orange-1.jpg
8628,iPhone 17 Pro Max Cosmic Orange 256GB,3529.00,3899.00,AZN,Taksitlə al | Yeni,"Ekran ölçüsü 6.9"" | Operativ yaddaş 12 GB | SIM-kart ölçüsü eSim | Ekran icazəsi 2868 × 1320 | Ekran növü Super Retina XDR OLED",https://bytelecom.az/az/products/iphone-17-pro-max-2,https://bytelecom.az//media/2025/10/24/product_images/41328/17-pro-max-cosmic-orange-1.jpg
8627,iPhone 17 Pro Max,4609.00,5099.00,AZN,Taksitlə al | Stokda Yoxdur,"Ekran ölçüsü 6.9"" | Operativ yaddaş 12 GB | SIM-kart ölçüsü eSim | Ekran icazəsi 2868 × 1320 | Ekran növü Super Retina XDR OLED",https://bytelecom.az/az/products/iphone-17-pro-max-1,https://bytelecom.az//media/2025/10/24/product_images/41288/17-pro-max-silver-1.jpg
8626,iPhone 17 Pro Max Cosmic Orange 512GB,4109.00,4549.00,AZN,Taksitlə al | Yeni,"Ekran ölçüsü 6.9"" | Operativ yaddaş 12 GB | SIM-kart ölçüsü eSim | Ekran icazəsi 2868 × 1320 | Ekran növü Super Retina XDR OLED",https://bytelecom.az/az/products/iphone-17-pro-max,https://bytelecom.az//media/2025/11/07/product_images/41699/17-pro-max-cosmic-orange-1.jpg
8618,Xiaomi Redmi 15 NFC (8GB RAM) Grey 256GB,419.00,469.00,AZN,İlkin ödənişsiz və Faizsiz | Taksitlə al,"Ekran ölçüsü 6.9"" | Operativ yaddaş 8 GB | Ekran icazəsi 1080 x 2340 | Ekran növü IPS LCD | Prosessor növü Qualcomm SM6375 Snapdragon 6s Gen 3 (6 nm)",https://bytelecom.az/az/products/xiaomi-redmi-15-nfc-8gb-ram,https://bytelecom.az//media/2025/11/25/product_images/42080/redmi-15-gray-1.jpg
8613,HONOR X5c Plus (4GB RAM) Midnight Black 128GB,269.00,299.00,AZN,İlkin ödənişsiz və Faizsiz | Taksitlə al,"Ekran ölçüsü 6.74"" | Operativ yaddaş 4 GB | Ekran icazəsi 720 x 1600 | Ekran növü TFT LCD | Prosessor növü Mediatek Helio G81 (12 nm)",https://bytelecom.az/az/products/honor-x5c-plus-4gb-ram,https://bytelecom.az//media/2025/10/22/product_images/41082/x5c-plus-black-1.jpg
8602,İnfinix Hot 60i (8GB RAM) Blue 256GB,339.00,379.00,AZN,İlkin ödənişsiz və Faizsiz | Taksitlə al,"Ekran ölçüsü 6.7'' | Operativ yaddaş 8 GB | SIM-kart ölçüsü Dual SIM (Nano-SIM, dual stand-by) | Ekran icazəsi 720 x 1600 | Ekran növü IPS LCD",https://bytelecom.az/az/products/infinix-hot-60i-8gb-ram,https://bytelecom.az//media/2025/10/20/product_images/41020/hot-60i-blue-1.jpg
8599,HONOR X5c (4GB RAM) Silver 64GB,199.00,239.00,AZN,İlkin ödənişsiz və Faizsiz | Taksitlə al,"Ekran ölçüsü 6.74"" | Operativ yaddaş 4 GB | Ekran icazəsi 720 x 1600 | Ekran növü TFT LCD | Prosessor növü MediaTek Helio G81",https://bytelecom.az/az/products/honor-x5c-4gb-ram,https://bytelecom.az//media/2025/10/20/product_images/41005/x5c-silver-1.jpg
8596,Samsung Galaxy A17 (6GB RAM) Grey 128GB,399.00,449.00,AZN,İlkin ödənişsiz və Faizsiz | Taksitlə al,Ekran ölçüsü 6.7'' | Operativ yaddaş 6 GB | Ekran icazəsi 1080 x 2340 | Ekran növü Super Amoled | Prosessor növü Exynos 1330 (5 nm),https://bytelecom.az/az/products/samsung-galaxy-a17-6gb-ram,https://bytelecom.az//media/2025/10/22/product_images/41164/a17-grey-1.jpg
8595,Samsung Galaxy A17 (4GB RAM) Grey 128GB,369.00,409.00,AZN,İlkin ödənişsiz və Faizsiz | Taksitlə al,Ekran ölçüsü 6.7'' | Operativ yaddaş 4 GB | Ekran icazəsi 1080 x 2340 | Ekran növü Super Amoled | Prosessor növü Exynos 1330 (5 nm),https://bytelecom.az/az/products/samsung-galaxy-a17-4gb-ram,https://bytelecom.az//media/2025/10/20/product_images/40908/a17-grey-1.jpg
8594,Samsung Galaxy A07 (6GB RAM) Violet 128GB,289.00,319.00,AZN,İlkin ödənişsiz və Faizsiz | Taksitlə al,"Ekran ölçüsü 6.7'' | Operativ yaddaş 6 GB | SIM-kart ölçüsü Dual SIM (Nano-SIM, dual stand-by) | Ekran icazəsi 720 x 1600 | Ekran növü PLS LCD",https://bytelecom.az/az/products/samsung-galaxy-a07-6gb-ram,https://bytelecom.az//media/2025/10/22/product_images/41132/a07-violet-1.jpg
8593,Samsung Galaxy A07 (4GB RAM) Violet 64GB,229.00,259.00,AZN,İlkin ödənişsiz və Faizsiz | Taksitlə al,"Ekran ölçüsü 6.7'' | Operativ yaddaş 4 GB | SIM-kart ölçüsü Dual SIM (Nano-SIM, dual stand-by) | Ekran icazəsi 720 x 1600 | Ekran növü PLS LCD",https://bytelecom.az/az/products/samsung-galaxy-a07-4gb-ram,https://bytelecom.az//media/2025/10/20/product_images/40866/a07-violet-1.jpg
8591,Xiaomi Poco M7 NFC 5G (6GB RAM) Black 128GB,329.00,379.00,AZN,İlkin ödənişsiz və Faizsiz | Taksitlə al,"Ekran ölçüsü 6.88"" | Operativ yaddaş 6 GB | Ekran icazəsi 720 x 1640 | Ekran növü IPS LCD | Prosessor növü Qualcomm SM4450 Snapdragon 4 Gen 2 (4 nm)",https://bytelecom.az/az/products/xiaomi-poco-m7-nfc-5g-6gb-ram,https://bytelecom.az//media/2025/12/13/product_images/42617/poco-m7-black-1.jpg
8590,Xiaomi Redmi 15C NFC (4GB RAM) Green 128GB,259.00,299.00,AZN,İlkin ödənişsiz və Faizsiz | Taksitlə al,"Ekran ölçüsü 6.9"" | Operativ yaddaş 4 GB | SIM-kart ölçüsü Dual SIM (Nano-SIM, dual stand-by) | Ekran icazəsi 720 x 1600 | Ekran növü IPS LCD",https://bytelecom.az/az/products/xiaomi-redmi-15c-nfc-4gb-ram,https://bytelecom.az//media/2025/10/04/product_images/40808/redmi-15c-green-1.gif
8589,Xiaomi Poco C85 (8GB RAM) Purple 256GB,319.00,359.00,AZN,İlkin ödənişsiz və Faizsiz | Taksitlə al,"Ekran ölçüsü 6.9"" | Operativ yaddaş 8 GB | Ekran icazəsi 720 x 1600 | Ekran növü IPS LCD | Prosessor növü Mediatek Helio G81 Ultra (12 nm)",https://bytelecom.az/az/products/xiaomi-poco-c85-8gb-ram,https://bytelecom.az//media/2025/10/04/product_images/40791/poco-c85-purple-1.gif
8588,Xiaomi Poco C85 (6GB RAM) Green 128GB,259.00,299.00,AZN,İlkin ödənişsiz və Faizsiz | Taksitlə al,"Ekran ölçüsü 6.9"" | Operativ yaddaş 6 GB | Ekran icazəsi 720 x 1600 | Ekran növü IPS LCD | Prosessor növü Mediatek Helio G81 Ultra (12 nm)",https://bytelecom.az/az/products/xiaomi-poco-c85-6gb-ram,https://bytelecom.az//media/2025/10/04/product_images/40763/c85-green-1.gif
8502,İnfinix Hot 60 Pro+ (8GB RAM) Silver 256GB,559.00,609.00,AZN,İlkin ödənişsiz və Faizsiz | Taksitlə al,"Ekran ölçüsü 6.78"" | Operativ yaddaş 8 GB | Ekran icazəsi 1224 x 2720 | Ekran növü AMOLED | Prosessor növü Mediatek Helio G200 (6 nm)",https://bytelecom.az/az/products/infinix-hot-60-pro-8gb-ram-1,https://bytelecom.az//media/2025/12/23/product_images/42831/hot-60-pro+-silver-1.jpg
8501,İnfinix Hot 60 Pro (8GB RAM) Silver 256GB,489.00,539.00,AZN,İlkin ödənişsiz və Faizsiz | Taksitlə al,"Ekran ölçüsü 6.78"" | Operativ yaddaş 8 GB | Ekran icazəsi 1224 x 2720 | Ekran növü AMOLED | Prosessor növü Mediatek Helio G200 (6 nm)",https://bytelecom.az/az/products/infinix-hot-60-pro-8gb-ram,https://bytelecom.az//media/2025/09/19/product_images/40465/hot-60-pro-silver-1.jpg
8474,İnfinix Hot 50 Pro NFC (8GB RAM) Titanium Gray 256GB,499.00,529.00,AZN,İlkin ödənişsiz və Faizsiz | Taksitlə al,"Ekran ölçüsü 6.78"" | Operativ yaddaş 8 GB | Ekran icazəsi 1080 x 2436 | Ekran növü AMOLED | Prosessor növü Mediatek Helio G100 (6 nm)",https://bytelecom.az/az/products/infinix-hot-50-pro-nfc-8gb-ram-1,https://bytelecom.az//media/2025/09/15/product_images/40314/hot-50-pro-gray-1.jpg
8431,HONOR X7d (8GB RAM) Gold 128GB,389.00,489.00,AZN,İlkin ödənişsiz və Faizsiz | Taksitlə al,"Ekran ölçüsü 6.77"" | SIM-kart ölçüsü Dual SIM (Nano-SIM, dual stand-by) | Ekran növü TFT LCD | Prosessor növü Qualcomm SM6225 Snapdragon 685 (6 nm) | Prosessor tezliyi Octa-core (4x2.8 GHz Cortex-A73 & 4x1.9 GHz Cortex-A53)",https://bytelecom.az/az/products/honor-x7d-8gb-ram,https://bytelecom.az//media/2025/09/03/product_images/40082/honor-x7d-gold-1.jpg
8361,Xiaomi Redmi 15C NFC (8GB RAM) Moonlight Blue 256GB,329.00,379.00,AZN,İlkin ödənişsiz və Faizsiz | Taksitlə al,"Ekran ölçüsü 6.9"" | Operativ yaddaş 8 GB | SIM-kart ölçüsü Dual SIM (Nano-SIM, dual stand-by) | Ekran icazəsi 720 x 1600 | Ekran növü IPS LCD",https://bytelecom.az/az/products/xiaomi-redmi-15c-nfc-8gb-ram,https://bytelecom.az//media/2025/08/15/product_images/39675/15c-blue-1.jpg
8359,Xiaomi Redmi 15 (8GB RAM) Grey 256GB,419.00,469.00,AZN,İlkin ödənişsiz və Faizsiz | Taksitlə al,"Ekran ölçüsü 6.9"" | Operativ yaddaş 8 GB | Ekran icazəsi 1080 x 2340 | Ekran növü IPS LCD | Prosessor növü Qualcomm SM6375 Snapdragon 6s Gen 3 (6 nm)",https://bytelecom.az/az/products/xiaomi-redmi-15-8gb-ram,https://bytelecom.az//media/2025/08/15/product_images/39637/redmi-15-gray-1.jpg
8358,Xiaomi Redmi 15 (6GB RAM) Grey 128GB,369.00,419.00,AZN,İlkin ödənişsiz və Faizsiz | Taksitlə al,"Ekran ölçüsü 6.9"" | Operativ yaddaş 6 GB | Ekran icazəsi 1080 x 2340 | Ekran növü IPS LCD | Prosessor növü Qualcomm SM6375 Snapdragon 6s Gen 3 (6 nm)",https://bytelecom.az/az/products/xiaomi-redmi-15-6gb-ram,https://bytelecom.az//media/2025/08/15/product_images/39608/redmi-15-gray-1.jpg
8332,HONOR 400 Pro (12GB RAM) Grey 256GB,1259.00,1419.00,AZN,İlkin ödənişsiz və Faizsiz | Taksitlə al,"Ekran ölçüsü 6.7'' | Operativ yaddaş 12 GB | SIM-kart ölçüsü Dual SIM (Nano-SIM, dual stand-by) | Ekran icazəsi 1280 x 2800 | Ekran növü AMOLED",https://bytelecom.az/az/products/honor-400-pro-12gb-ram,https://bytelecom.az//media/2025/08/13/product_images/39481/honor-400-pro-grey-1.jpg
8331,HONOR X9c (12GB RAM) Titanium Black 256GB,769.00,839.00,AZN,İlkin ödənişsiz və Faizsiz | Taksitlə al,"Ekran ölçüsü 6.78"" | Operativ yaddaş 12 GB | SIM-kart ölçüsü Dual SIM (Nano-SIM, dual stand-by) | Ekran icazəsi 1224 x 2700 | Ekran növü AMOLED",https://bytelecom.az/az/products/honor-x9c-12gb-ram,https://bytelecom.az//media/2025/08/13/product_images/39454/x9c-black-1.jpg
8328,HONOR X6c (6GB RAM) Ocean Cyan 128GB,319.00,359.00,AZN,İlkin ödənişsiz və Faizsiz | Taksitlə al,"Ekran ölçüsü 6.61"" | Operativ yaddaş 6 GB | SIM-kart ölçüsü Dual SIM (Nano-SIM, dual stand-by) | Ekran icazəsi 720 x 1604 | Ekran növü TFT LCD",https://bytelecom.az/az/products/honor-x6c-6gb-ram,https://bytelecom.az//media/2025/08/11/product_images/39420/x6c-ocean-cyan-1.jpg
8327,İnfinix Hot 60i (4GB RAM) Blue 128GB,269.00,309.00,AZN,İlkin ödənişsiz və Faizsiz | Taksitlə al,"Ekran ölçüsü 6.7'' | Operativ yaddaş 4 GB | SIM-kart ölçüsü Dual SIM (Nano-SIM, dual stand-by) | Ekran icazəsi 720 x 1600 | Ekran növü IPS LCD",https://bytelecom.az/az/products/infinix-hot-60i-4gb-ram,https://bytelecom.az//media/2025/10/20/product_images/40965/hot-60i-blue-1.jpg
8324,Samsung Galaxy A36 (6GB RAM) Lavander 128GB,629.00,699.00,AZN,İlkin ödənişsiz və Faizsiz | Taksitlə al,Ekran ölçüsü 6.7'' | Operativ yaddaş 6 GB | Ekran icazəsi 1080 x 2340 | Ekran növü Super Amoled | Prosessor növü Qualcomm SM6475-AB Snapdragon 6 Gen 3 (4 nm),https://bytelecom.az/az/products/samsung-galaxy-a36-6gb-ram,https://bytelecom.az//media/2025/08/11/product_images/39289/a36-purple-1.jpg
8315,Samsung Galaxy Z Fold7 (12GB RAM),3799.00,4199.00,AZN,Taksitlə al | Stokda Yoxdur,"Ekran ölçüsü 8.0"" | Operativ yaddaş 12 GB | Ekran icazəsi 1968 x 2184 | Ekran növü Foldable Dynamic LTPO AMOLED 2X | Prosessor növü Qualcomm SM8750-AC Snapdragon 8 Elite (3 nm)",https://bytelecom.az/az/products/samsung-galaxy-z-fold7-12gb-ram,https://bytelecom.az//media/2025/07/21/product_images/39171/fold-7-black-1.jpg
8314,Samsung Galaxy Z Flip7 (12GB RAM),2269.00,2509.00,AZN,Taksitlə al | Stokda Yoxdur,"Ekran ölçüsü 6.9"" | Operativ yaddaş 12 GB | Ekran icazəsi 1080 x 2520 | Ekran növü Foldable Dynamic LTPO AMOLED 2X | Prosessor növü Exynos 2500 (3 nm)",https://bytelecom.az/az/products/samsung-galaxy-z-flip7-12gb-ram,https://bytelecom.az//media/2025/07/21/product_images/39166/flip-7-black-1.jpg
8047,HONOR 400 (8GB RAM) Desert Gold 256GB,919.00,1019.00,AZN,İlkin ödənişsiz və Faizsiz | Taksitlə al,"Ekran ölçüsü 6.55"" | Operativ yaddaş 8 GB | SIM-kart ölçüsü Dual SIM (Nano-SIM, dual stand-by) | Ekran icazəsi 1264 x 2736 | Ekran növü AMOLED",https://bytelecom.az/az/products/honor-400-8gb-ram,https://bytelecom.az//media/2025/11/03/product_images/41520/honor-400-gold-1.jpg
8033,İnfinix GT30 Pro (12GB RAM) Shadow Ash 256GB,879.00,999.00,AZN,İlkin ödənişsiz və Faizsiz | Taksitlə al,"Ekran ölçüsü 6.78"" | Operativ yaddaş 12 GB | SIM-kart ölçüsü Dual SIM (Nano-SIM, dual stand-by) | Ekran icazəsi 1224 x 2720 | Ekran növü AMOLED",https://bytelecom.az/az/products/infinix-gt30-pro-12gb-ram,https://bytelecom.az//media/2025/07/04/product_images/38369/gt30-pro-ash-1.jpg
8032,İnfinix Note 50 (8GB RAM) Grey 256GB,589.00,639.00,AZN,İlkin ödənişsiz və Faizsiz | Taksitlə al,"Ekran ölçüsü 6.78"" | Operativ yaddaş 8 GB | SIM-kart ölçüsü Dual SIM (Nano-SIM, dual stand-by) | Ekran icazəsi 1080 x 2436 | Ekran növü AMOLED",https://bytelecom.az/az/products/infinix-note-50-8gb-ram,https://bytelecom.az//media/2025/07/04/product_images/38359/note-50-gray-1.jpg
8031,İnfinix Smart 10 (4GB RAM) Blue 64GB,209.00,229.00,AZN,İlkin ödənişsiz və Faizsiz | Taksitlə al,"Ekran ölçüsü 6.67'' | Operativ yaddaş 3 GB | SIM-kart ölçüsü Dual SIM (Nano-SIM, dual stand-by) | Ekran icazəsi 720 x 1600 | Ekran növü IPS LCD",https://bytelecom.az/az/products/infinix-smart-10-4gb-ram,https://bytelecom.az//media/2025/10/20/product_images/40975/smart-10-blue-1.jpg
8007,İnfinix Note 50 Pro (12GB RAM) Titanium Gray 256GB,729.00,819.00,AZN,İlkin ödənişsiz və Faizsiz | Taksitlə al,"Ekran ölçüsü 6.78"" | Operativ yaddaş 12 GB | Ekran icazəsi 1080 x 2436 | Ekran növü AMOLED | Prosessor növü Mediatek Helio G100 Ultimate (6 nm)",https://bytelecom.az/az/products/infinix-note-50-pro-12gb-ram,https://bytelecom.az//media/2025/08/11/product_images/39230/note-50-pro-gray-1-copy.png
8001,Xiaomi Redmi Note 14S NFC (8GB RAM) Blue 256GB,469.00,519.00,AZN,İlkin ödənişsiz və Faizsiz | Taksitlə al,"Ekran ölçüsü 6.67'' | Operativ yaddaş 8 GB | SIM-kart ölçüsü Dual SIM (Nano-SIM, dual stand-by) | Ekran icazəsi 1080 x 2400 | Ekran növü AMOLED",https://bytelecom.az/az/products/xiaomi-redmi-note-14s-nfc-8gb-ram,https://bytelecom.az//media/2025/06/25/product_images/38286/note-14s-blue-1.jpg
8000,Xiaomi Poco F7 Pro NFC (12GB RAM) Silver 512GB,1249.00,1499.00,AZN,İlkin ödənişsiz və Faizsiz | Taksitlə al,"Ekran ölçüsü 6.67'' | Operativ yaddaş 12 GB | SIM-kart ölçüsü Dual SIM (Nano-SIM, dual stand-by) | Ekran icazəsi 1440 x 3200 | Ekran növü AMOLED",https://bytelecom.az/az/products/xiaomi-poco-f7-pro-nfc-12gb-ram,https://bytelecom.az//media/2025/06/07/product_images/38000/f7-pro-silver-1.jpg
7976,Samsung Galaxy A26 5G (6GB RAM) White 128GB,499.00,609.00,AZN,İlkin ödənişsiz və Faizsiz | Taksitlə al,"Ekran ölçüsü 6.7'' | Operativ yaddaş 6 GB | SIM-kart ölçüsü Dual SIM (Nano-SIM, dual stand-by) | Ekran icazəsi 1080 x 2340 | Ekran növü Super Amoled",https://bytelecom.az/az/products/samsung-galaxy-a26-5g-6gb-ram,https://bytelecom.az//media/2025/06/04/product_images/37874/a26-white-1.jpg
7963,HONOR 400 Lite (8GB RAM) Green 256GB,639.00,719.00,AZN,İlkin ödənişsiz və Faizsiz | Taksitlə al,"Ekran ölçüsü 6.7'' | Operativ yaddaş 8 GB | SIM-kart ölçüsü Dual SIM (Nano-SIM, dual stand-by) | Ekran icazəsi 1080 x 2412 | Ekran növü AMOLED",https://bytelecom.az/az/products/honor-400-lite-8gb-ram,https://bytelecom.az//media/2025/05/23/product_images/37729/honor-400-lite-green-1.jpg
7942,Samsung Galaxy A26 5G (8GB RAM) Pink 256GB,639.00,709.00,AZN,İlkin ödənişsiz və Faizsiz | Taksitlə al,"Ekran ölçüsü 6.7'' | Operativ yaddaş 8 GB | SIM-kart ölçüsü Dual SIM (Nano-SIM, dual stand-by) | Ekran icazəsi 1080 x 2340 | Ekran növü Super Amoled",https://bytelecom.az/az/products/samsung-galaxy-a26-5g-8gb-ram,https://bytelecom.az//media/2025/08/11/product_images/39250/a16-pink-1.jpg
7941,Xiaomi Poco M7 Pro NFC 5G (12GB RAM) Purple 256GB,519.00,599.00,AZN,İlkin ödənişsiz və Faizsiz | Taksitlə al,"Ekran ölçüsü 6.67'' | Operativ yaddaş 12 GB | SIM-kart ölçüsü Dual SIM (Nano-SIM, dual stand-by) | Ekran icazəsi 1080 x 2400 | Ekran növü AMOLED",https://bytelecom.az/az/products/xiaomi-poco-m7-pro-nfc-5g-12gb-ram,https://bytelecom.az//media/2025/05/19/product_images/37512/m7-pro-purple-1.jpg
7940,Xiaomi Poco C71 (4GB RAM) Blue 128GB,189.00,229.00,AZN,İlkin ödənişsiz və Faizsiz | Taksitlə al,"Ekran ölçüsü 6.88"" | Operativ yaddaş 4 GB | SIM-kart ölçüsü Dual SIM (Nano-SIM, dual stand-by) | Ekran icazəsi 720 x 1640 | Ekran növü IPS LCD",https://bytelecom.az/az/products/xiaomi-poco-c71-4gb-ram,https://bytelecom.az//media/2025/05/19/product_images/37478/poco-c71-blue-1.jpg
7878,Xiaomi Redmi A5 (4GB RAM) Blue 128GB,199.00,229.00,AZN,İlkin ödənişsiz və Faizsiz | Taksitlə al,"Ekran ölçüsü 6.88"" | Operativ yaddaş 4 GB | SIM-kart ölçüsü Dual SIM (Nano-SIM, dual stand-by) | Ekran icazəsi 720 x 1640 | Ekran növü IPS LCD",https://bytelecom.az/az/products/xiaomi-redmi-a5-4gb-ram,https://bytelecom.az//media/2025/04/16/product_images/36996/redmi-a5-blue-1.jpg
7875,Samsung Galaxy A36 (8GB RAM) Lavander 128GB,699.00,779.00,AZN,İlkin ödənişsiz və Faizsiz | Taksitlə al,Ekran ölçüsü 6.7'' | Operativ yaddaş 8 GB | Ekran icazəsi 1080 x 2340 | Ekran növü Super Amoled | Prosessor növü Qualcomm SM6475-AB Snapdragon 6 Gen 3 (4 nm),https://bytelecom.az/az/products/samsung-galaxy-a36-8gb-ram,https://bytelecom.az//media/2025/05/12/product_images/37293/a36-purple-1.jpg
7872,Samsung Galaxy A56 (8GB RAM) Black 128GB,869.00,989.00,AZN,İlkin ödənişsiz və Faizsiz | Taksitlə al,"Ekran ölçüsü 6.7'' | Operativ yaddaş 8 GB | SIM-kart ölçüsü Dual SIM (Nano-SIM, dual stand-by) | Ekran icazəsi 1080 x 2340 | Ekran növü Super Amoled",https://bytelecom.az/az/products/samsung-galaxy-a56-8gb-ram,https://bytelecom.az//media/2025/04/09/product_images/36914/a56-black-1.jpg
7850,iPhone 16e White 128GB,1499.00,1949.00,AZN,İlkin ödənişsiz və Faizsiz | Taksitlə al,Ekran ölçüsü 6.1'' | Operativ yaddaş 8 GB | SIM-kart ölçüsü Nano | Ekran icazəsi 1170x2532 | Ekran növü Super Retina XDR OLED,https://bytelecom.az/az/products/iphone-16e,https://bytelecom.az//media/2025/03/12/product_images/36791/16e-white-1.jpg
7818,Samsung Galaxy S25 5G (12GB RAM) Navy 128GB,1669.00,1909.00,AZN,İlkin ödənişsiz və Faizsiz | Taksitlə al,"Ekran ölçüsü 6.2'' | Operativ yaddaş 12 GB | SIM-kart ölçüsü Dual SIM (Nano-SIM, dual stand-by) | Ekran icazəsi 1080 x 2340 | Ekran növü Dynamic LTPO AMOLED 2X",https://bytelecom.az/az/products/samsung-galaxy-s25-5g-12gb-ram,https://bytelecom.az//media/2025/03/19/product_images/36813/s25-navy-1.jpg
7706,Samsung Galaxy S25 Ultra 5G NFC (12 GB RAM) Titanium Black 256GB,2399.00,2849.00,AZN,İlkin ödənişsiz və Faizsiz | Taksitlə al,"Ekran ölçüsü 6.9"" | Operativ yaddaş 12 GB | SIM-kart ölçüsü Dual SIM (Nano-SIM, dual stand-by) | Ekran icazəsi 1440 x 3120 | Ekran növü Dynamic LTPO AMOLED 2X",https://bytelecom.az/az/products/samsung-galaxy-s25-ultra-5g-nfc-12-gb-ram,https://bytelecom.az//media/2025/02/13/product_images/35800/s25-ultra-black-1.jpg
7684,HONOR X8c (8GB RAM) Midnight Black 128GB,439.00,489.00,AZN,İlkin ödənişsiz və Faizsiz | Taksitlə al,"Ekran ölçüsü 6.7'' | Operativ yaddaş 8 GB | SIM-kart ölçüsü Dual SIM (Nano-SIM, dual stand-by) | Ekran icazəsi 1080 x 2412 | Ekran növü AMOLED",https://bytelecom.az/az/products/honor-x8c-8gb-ram,https://bytelecom.az//media/2025/02/12/product_images/35535/x8c-black-1.jpg
7641,Xiaomi Poco X7 Pro 5G (12GB RAM) Yellow 256GB,779.00,949.00,AZN,İlkin ödənişsiz və Faizsiz | Taksitlə al,"Ekran ölçüsü 6.67'' | Operativ yaddaş 12 GB | SIM-kart ölçüsü Dual SIM (Nano-SIM, dual stand-by) | Ekran icazəsi 1220 x 2712 | Ekran növü AMOLED",https://bytelecom.az/az/products/xiaomi-poco-x7-pro-5g-12gb-ram,https://bytelecom.az//media/2025/02/07/product_images/35356/x7-pro-yellov-1.jpg
7640,Xiaomi Poco X7 5G (12GB RAM) Silver 512GB,739.00,809.00,AZN,İlkin ödənişsiz və Faizsiz | Taksitlə al,"Ekran ölçüsü 6.67'' | Operativ yaddaş 12 GB | SIM-kart ölçüsü Dual SIM (Nano-SIM, dual stand-by) | Ekran icazəsi 1220 x 2712 | Ekran növü AMOLED",https://bytelecom.az/az/products/xiaomi-poco-x7-5g-12gb-ram,https://bytelecom.az//media/2025/02/07/product_images/35343/poco-x7-silver-1.jpg
7579,CUBOT X70 NFC (12GB RAM) Black 256GB,479.00,599.00,AZN,İlkin ödənişsiz və Faizsiz | Taksitlə al,"Ekran ölçüsü 6.58"" | Operativ yaddaş 12 GB | SIM-kart ölçüsü Dual SIM (Nano-SIM, dual stand-by) | Ekran icazəsi 1080 x 2408 | Ekran növü IPS LCD",https://bytelecom.az/az/products/cubot-x70-nfc-12gb-ram,https://bytelecom.az//media/2025/02/03/product_images/34954/x70-black-1.jpg
7574,CUBOT X30P NFC (8GB RAM) Black 256GB,279.00,359.00,AZN,İlkin ödənişsiz və Faizsiz | Taksitlə al,"Ekran ölçüsü 6.4'' | Operativ yaddaş 8 GB | SIM-kart ölçüsü Dual SIM (Nano-SIM, dual stand-by) | Ekran icazəsi 1080 x 2310 | Ekran növü IPS LCD",https://bytelecom.az/az/products/cubot-x30p-nfc-8gb-ram,https://bytelecom.az//media/2025/02/03/product_images/34931/cubot-x30p-black-1.jpg
7520,HONOR X9c Smart (8GB RAM) Cyan 256GB,579.00,649.00,AZN,İlkin ödənişsiz və Faizsiz | Taksitlə al,Ekran ölçüsü 6.8'' | Operativ yaddaş 8 GB | SIM-kart sayı Nano-SIM + Nano-SIM | Ekran icazəsi 1080 x 2412 | Ekran növü TFT LCD,https://bytelecom.az/az/products/honor-x9c-smart-8gb-ram,https://bytelecom.az//media/2025/01/27/product_images/34636/x9c-smart-cyan-1.jpg
7519,Honor X5b Plus (4GB RAM) Black 128GB,219.00,239.00,AZN,İlkin ödənişsiz və Faizsiz | Taksitlə al,"Ekran ölçüsü 6.56"" | Operativ yaddaş 4 GB | SIM-kart sayı Nano-SIM + Nano-SIM | Ekran icazəsi 720 x 1612 | Ekran növü TFT LCD",https://bytelecom.az/az/products/honor-x5b-plus-4gb-ram,https://bytelecom.az//media/2025/01/27/product_images/34619/x5-plus-black-1.jpg
7518,Xiaomi Redmi Note 14 Pro Plus 5G NFC (8GB RAM) Blue 256GB,919.00,1039.00,AZN,İlkin ödənişsiz və Faizsiz | Taksitlə al,"Ekran ölçüsü 6.67'' | Operativ yaddaş 8 GB | SIM-kart ölçüsü Dual SIM (Nano-SIM, dual stand-by) | Ekran icazəsi 1220 x 2712 | Ekran növü AMOLED",https://bytelecom.az/az/products/xiaomi-redmi-note-14-pro-plus-5g-nfc-8gb-ram,https://bytelecom.az//media/2025/01/27/product_images/34599/note-14-pro-plus-blue-1.jpg
7517,Xiaomi Redmi Note 14 Pro NFC (12GB RAM) Black 512GB,699.00,789.00,AZN,İlkin ödənişsiz və Faizsiz | Taksitlə al,"Ekran ölçüsü 6.67'' | Operativ yaddaş 12 GB | SIM-kart ölçüsü Dual SIM (Nano-SIM, dual stand-by) | Ekran icazəsi 1080 x 2400 | Ekran növü AMOLED",https://bytelecom.az/az/products/xiaomi-redmi-note-14-pro-nfc-12gb-ram,https://bytelecom.az//media/2025/01/27/product_images/34563/note-14-pro-black-1.jpg
7516,Xiaomi Redmi Note 14 Pro NFC (8GB RAM) Black 256GB,599.00,689.00,AZN,İlkin ödənişsiz və Faizsiz | Taksitlə al,"Ekran ölçüsü 6.67'' | Operativ yaddaş 8 GB | SIM-kart ölçüsü Dual SIM (Nano-SIM, dual stand-by) | Ekran icazəsi 1080 x 2400 | Ekran növü AMOLED",https://bytelecom.az/az/products/xiaomi-redmi-note-14-pro-nfc-8gb-ram,https://bytelecom.az//media/2025/02/07/product_images/35243/note-14-pro-black-1.jpg
7515,Xiaomi Redmi Note 14 NFC (8GB RAM) Blue 128GB,399.00,489.00,AZN,İlkin ödənişsiz və Faizsiz | Taksitlə al,"Ekran ölçüsü 6.67'' | Operativ yaddaş 8 GB | SIM-kart ölçüsü Dual SIM (Nano-SIM, dual stand-by) | Ekran icazəsi 1080 x 2400 | Ekran növü AMOLED",https://bytelecom.az/az/products/xiaomi-redmi-note-14-nfc-8gb-ram,https://bytelecom.az//media/2025/05/12/product_images/37279/note-14-blue-1.jpg
7503,Realme GT 6T NFC(12GB RAM) Green 256GB,1149.00,1279.00,AZN,İlkin ödənişsiz və Faizsiz | Taksitlə al,"Ekran ölçüsü 6.78"" | Operativ yaddaş 12 GB | SIM-kart ölçüsü Dual SIM (Nano-SIM, dual stand-by) | Ekran icazəsi 1264 x 2780 | Ekran növü LTPO AMOLED",https://bytelecom.az/az/products/realme-gt-6t-nfc12gb-ram,https://bytelecom.az//media/2025/01/13/product_images/34426/realme-gt6t-green-1.jpg
7502,Realme 13 Pro+ NFC (12GB RAM) Green 512GB,1079.00,1249.00,AZN,İlkin ödənişsiz və Faizsiz | Taksitlə al,"Ekran ölçüsü 6.7'' | Operativ yaddaş 12 GB | SIM-kart ölçüsü Dual SIM (Nano-SIM, dual stand-by) | Ekran icazəsi 1080 x 2412 | Ekran növü AMOLED",https://bytelecom.az/az/products/realme-13-pro-nfc-12gb-ram,https://bytelecom.az//media/2025/01/13/product_images/34416/realme-13-pro-green-1.jpg
7501,Realme 13 Pro (12GB RAM) Green 512GB,979.00,1199.00,AZN,İlkin ödənişsiz və Faizsiz | Taksitlə al,"Ekran ölçüsü 6.7'' | Operativ yaddaş 12 GB | SIM-kart ölçüsü Dual SIM (Nano-SIM, dual stand-by) | Ekran icazəsi 1080 x 2412 | Ekran növü AMOLED",https://bytelecom.az/az/products/realme-13-pro-12gb-ram,https://bytelecom.az//media/2025/01/13/product_images/34406/realme-13-pro-green-1.jpg
7499,Realme C61 (6GB RAM) Gold 128GB,249.00,289.00,AZN,İlkin ödənişsiz və Faizsiz | Taksitlə al,"Ekran ölçüsü 6.74"" | Operativ yaddaş 6 GB | SIM-kart ölçüsü Dual SIM (Nano-SIM, dual stand-by) | Ekran icazəsi 720 x 1600 | Ekran növü IPS LCD",https://bytelecom.az/az/products/realme-c61-6gb-ram,https://bytelecom.az//media/2025/01/13/product_images/34356/realme-c61-gold-1.jpg
7498,Realme Note 50 (4GB RAM) Black 128GB,199.00,259.00,AZN,İlkin ödənişsiz və Faizsiz | Taksitlə al,"Ekran ölçüsü 6.74"" | Operativ yaddaş 4 GB | SIM-kart ölçüsü Dual SIM (Nano-SIM, dual stand-by) | Ekran icazəsi 720 x 1600 | Ekran növü IPS LCD",https://bytelecom.az/az/products/realme-note-50-4gb-ram,https://bytelecom.az//media/2025/01/13/product_images/34327/realme-note-50-black-1.jpg
7494,Xiaomi Poco C75 (8GB RAM) Black 256GB,299.00,339.00,AZN,İlkin ödənişsiz və Faizsiz | Taksitlə al,"Ekran ölçüsü 6.88"" | Operativ yaddaş 8 GB | SIM-kart ölçüsü Dual SIM (Nano-SIM, dual stand-by) | Ekran icazəsi 720 x 1640 | Ekran növü IPS LCD",https://bytelecom.az/az/products/xiaomi-poco-c75-8gb-ram,https://bytelecom.az//media/2025/05/12/product_images/37264/x75-black-1.jpg
7483,Samsung Galaxy A16 (8GB RAM) Black 256GB,409.00,449.00,AZN,İlkin ödənişsiz və Faizsiz | Taksitlə al,"Ekran ölçüsü 6.7'' | Operativ yaddaş 8 GB | SIM-kart ölçüsü Dual SIM (Nano-SIM, dual stand-by) | Ekran icazəsi 1080 x 2340 | Ekran növü Super Amoled",https://bytelecom.az/az/products/samsung-galaxy-a16-8gb-ram,https://bytelecom.az//media/2024/12/18/product_images/34130/a16-blue-black-1.jpg
7446,İnfinix Hot 50i (4GB RAM) Black 128GB,269.00,289.00,AZN,İlkin ödənişsiz və Faizsiz | Taksitlə al,"Ekran ölçüsü 6.7'' | Operativ yaddaş 4 GB | SIM-kart ölçüsü Dual SIM (Nano-SIM, dual stand-by) | Ekran icazəsi 720 x 1600 | Ekran növü IPS LCD",https://bytelecom.az/az/products/infinix-hot-50i-4gb-ram,https://bytelecom.az//media/2024/11/27/product_images/33792/hot-50i-black-1.jpg
7444,Samsung Galaxy A16 (6GB RAM) Light Green 128GB,339.00,369.00,AZN,İlkin ödənişsiz və Faizsiz | Taksitlə al,"Ekran ölçüsü 6.7'' | Operativ yaddaş 6 GB | SIM-kart ölçüsü Dual SIM (Nano-SIM, dual stand-by) | Ekran icazəsi 1080 x 2340 | Ekran növü Super Amoled",https://bytelecom.az/az/products/samsung-galaxy-a16-6gb-ram,https://bytelecom.az//media/2024/12/13/product_images/33939/a16-light-green-1.jpg
7443,Samsung Galaxy A16 (4GB RAM) Light Green 128GB,299.00,329.00,AZN,İlkin ödənişsiz və Faizsiz | Taksitlə al,"Ekran ölçüsü 6.7'' | Operativ yaddaş 4 GB | SIM-kart ölçüsü Dual SIM (Nano-SIM, dual stand-by) | Ekran icazəsi 1080 x 2340 | Ekran növü Super Amoled",https://bytelecom.az/az/products/samsung-galaxy-a16-4gb-ram,https://bytelecom.az//media/2024/11/27/product_images/33736/a16-light-green-1.jpg
7442,Samsung Galaxy A06 (6GB RAM),229.00,289.00,AZN,İlkin ödənişsiz və Faizsiz | Taksitlə al,"Ekran ölçüsü 6.7'' | Operativ yaddaş 6 GB | SIM-kart ölçüsü Dual SIM (Nano-SIM, dual stand-by) | Ekran icazəsi 720 x 1600 | Ekran növü PLS LCD",https://bytelecom.az/az/products/samsung-galaxy-a06-6gb-ram,https://bytelecom.az//media/2024/11/27/product_images/33701/a06-black-1.jpg
7412,HONOR X7c (6GB RAM) Black 128GB,329.00,369.00,AZN,İlkin ödənişsiz və Faizsiz | Taksitlə al,"Ekran ölçüsü 6.77"" | Operativ yaddaş 6 GB | SIM-kart ölçüsü Dual SIM (Nano-SIM, dual stand-by) | Ekran icazəsi 720 x 1612 | Ekran növü IPS LCD",https://bytelecom.az/az/products/honor-x7c-6gb-ram,https://bytelecom.az//media/2024/10/16/product_images/32883/x7c-black-1.jpg
7409,Xiaomi Redmi 14C NFC (6GB RAM) Blue 128GB,279.00,319.00,AZN,İlkin ödənişsiz və Faizsiz | Taksitlə al,,https://bytelecom.az/az/products/xiaomi-redmi-14c-nfc-6gb-ram,https://bytelecom.az//media/2024/11/27/product_images/33829/14c-blue-1.jpg
7408,Xiaomi Redmi 14C (4GB RAM) Black 128GB,209.00,239.00,AZN,İlkin ödənişsiz və Faizsiz | Taksitlə al,"Ekran ölçüsü 6.88"" | Operativ yaddaş 4 GB | SIM-kart ölçüsü Dual SIM (Nano-SIM, dual stand-by) | Ekran icazəsi 720 x 1640 | Ekran növü IPS LCD",https://bytelecom.az/az/products/xiaomi-redmi-14c-4gb-ram,https://bytelecom.az//media/2024/10/14/product_images/32823/14c-black-01.jpg
7407,İnfinix Hot 50 NFC (8GB RAM) Grey 128GB,349.00,389.00,AZN,İlkin ödənişsiz və Faizsiz | Taksitlə al,"Ekran ölçüsü 6.78"" | Operativ yaddaş 8 GB | SIM-kart ölçüsü Dual SIM (Nano-SIM, dual stand-by) | Ekran icazəsi 1080 x 2460 | Ekran növü IPS LCD",https://bytelecom.az/az/products/infinix-hot-50-nfc-8gb-ram,https://bytelecom.az//media/2024/10/07/product_images/32805/hot-50-gray-1.jpg
7378,iPhone 16 Pro Max,4399.00,5149.00,AZN,Taksitlə al | Stokda Yoxdur,"Ekran ölçüsü 6.9"" | SIM-kart ölçüsü Nano-SIM + eSIM | Ekran icazəsi 1320 x 2868 | Ekran növü Super Retina XDR OLED | Prosessor növü Apple A18 Pro (3 nm)",https://bytelecom.az/az/products/apple-iphone-16-pro-max-1tb-black,https://bytelecom.az//media/2024/11/01/product_images/33547/16-pro-max-black-1.jpg
7377,iPhone 16 Pro Max,3799.00,4199.00,AZN,Taksitlə al | Stokda Yoxdur,"Ekran ölçüsü 6.9"" | Operativ yaddaş 8 GB | SIM-kart ölçüsü Nano-SIM + eSIM | Ekran icazəsi 1320 x 2868 | Ekran növü Super Retina XDR OLED",https://bytelecom.az/az/products/apple-iphone-16-pro-max-512gb-black,https://bytelecom.az//media/2024/11/01/product_images/33507/16-pro-max-black-1.jpg
7376,iPhone 16 Pro Max,3199.00,3479.00,AZN,Taksitlə al | Stokda Yoxdur,"Ekran ölçüsü 6.9"" | Operativ yaddaş 8 GB | SIM-kart ölçüsü Nano-SIM + eSIM | Ekran icazəsi 1320 x 2868 | Ekran növü Super Retina XDR OLED",https://bytelecom.az/az/products/apple-iphone-16-pro-max-256gb-black,https://bytelecom.az//media/2024/11/01/product_images/33457/16-pro-max-black-1.jpg
7375,iPhone 16 Pro,4099.00,4899.00,AZN,Taksitlə al | Stokda Yoxdur,"Ekran ölçüsü 6.3'' | Operativ yaddaş 8 GB | SIM-kart ölçüsü Nano-SIM + eSIM | Ekran icazəsi 1206 x 2622 | Ekran növü LTPO Super Retina XDR OLED, 120Hz",https://bytelecom.az/az/products/apple-iphone-16-pro-1tb-black,https://bytelecom.az//media/2024/11/01/product_images/33427/16-pro-black-1.jpg
7374,iPhone 16 Pro,3549.00,3929.00,AZN,Taksitlə al | Stokda Yoxdur,"Ekran ölçüsü 6.3'' | Operativ yaddaş 8 GB | SIM-kart ölçüsü Nano-SIM + eSIM | Ekran icazəsi 1206 x 2622 | Ekran növü LTPO Super Retina XDR OLED, 120Hz",https://bytelecom.az/az/products/apple-iphone-16-pro-512gb-black,https://bytelecom.az//media/2024/11/01/product_images/33387/16-pro-black-1.jpg
7373,iPhone 16 Pro,2929.00,3129.00,AZN,Taksitlə al | Stokda Yoxdur,"Ekran ölçüsü 6.3'' | Operativ yaddaş 8 GB | SIM-kart ölçüsü Nano-SIM + eSIM | Ekran icazəsi 1206 x 2622 | Ekran növü LTPO Super Retina XDR OLED, 120Hz",https://bytelecom.az/az/products/apple-iphone-16-pro-256gb-black,https://bytelecom.az//media/2024/11/01/product_images/33357/16-pro-black-1.jpg
7372,iPhone 16 Pro,2649.00,2889.00,AZN,Taksitlə al | Stokda Yoxdur,"Ekran ölçüsü 6.3'' | Operativ yaddaş 8 GB | SIM-kart ölçüsü Nano-SIM + eSIM | Ekran icazəsi 1206 x 2622 | Ekran növü LTPO Super Retina XDR OLED, 120Hz",https://bytelecom.az/az/products/apple-iphone-16-pro-128gb-black,https://bytelecom.az//media/2024/11/01/product_images/33307/16-pro-black-1.jpg
7371,iPhone 16 Plus,3149.00,3849.00,AZN,Taksitlə al | Stokda Yoxdur,Ekran ölçüsü 6.7'' | Operativ yaddaş 8 GB | SIM-kart ölçüsü Nano-SIM + eSIM | Ekran icazəsi 1290 x 2796 | Ekran növü Super Retina XDR OLED,https://bytelecom.az/az/products/apple-iphone-16-plus-512gb-black,https://bytelecom.az//media/2024/11/01/product_images/33287/16-plus-black-1.jpg
7370,iPhone 16 Plus,2599.00,2899.00,AZN,Taksitlə al | Stokda Yoxdur,Ekran ölçüsü 6.7'' | Operativ yaddaş 8 GB | SIM-kart ölçüsü Nano-SIM + eSIM | Ekran icazəsi 1290 x 2796 | Ekran növü Super Retina XDR OLED,https://bytelecom.az/az/products/apple-iphone-16-plus-256gb-black,https://bytelecom.az//media/2024/11/01/product_images/33267/16-plus-black-1.jpg
7369,iPhone 16 Plus,2299.00,2499.00,AZN,Taksitlə al | Stokda Yoxdur,Ekran ölçüsü 6.7'' | Operativ yaddaş 8 GB | SIM-kart ölçüsü Nano-SIM + eSIM | Ekran icazəsi 1290 x 2796 | Ekran növü Super Retina XDR OLED,https://bytelecom.az/az/products/apple-iphone-16-plus-128gb-black,https://bytelecom.az//media/2024/11/01/product_images/33227/16-plus-black-1.jpg
7368,iPhone 16,2859.00,3499.00,AZN,Taksitlə al | Stokda Yoxdur,Ekran ölçüsü 6.1'' | Operativ yaddaş 8 GB | SIM-kart ölçüsü Nano-SIM + eSIM | Ekran icazəsi 1179 × 2556 | Ekran növü Super Retina XDR OLED,https://bytelecom.az/az/products/apple-iphone-16-512gb-black,https://bytelecom.az//media/2024/11/01/product_images/33207/iphone-16-black-1.jpg
7367,iPhone 16,2299.00,2889.00,AZN,Taksitlə al | Stokda Yoxdur,Ekran ölçüsü 6.1'' | Operativ yaddaş 8 GB | SIM-kart ölçüsü Nano-SIM + eSIM | Ekran icazəsi 1179 × 2556 | Ekran növü Super Retina XDR OLED,https://bytelecom.az/az/products/apple-iphone-16-256gb-black,https://bytelecom.az//media/2024/11/01/product_images/33177/iphone-16-black-1.jpg
7366,iPhone 16 Pink 128GB,1969.00,2239.00,AZN,İlkin ödənişsiz və Faizsiz | Taksitlə al,Ekran ölçüsü 6.1'' | Operativ yaddaş 8 GB | SIM-kart ölçüsü Nano-SIM + eSIM | Ekran icazəsi 1179 × 2556 | Ekran növü Super Retina XDR OLED,https://bytelecom.az/az/products/apple-iphone-16-128gb-black,https://bytelecom.az//media/2024/11/01/product_images/33157/iphone-16-pink-1.jpg
7364,Samsung Galaxy A06 (4GB RAM) Blue 64GB,199.00,229.00,AZN,İlkin ödənişsiz və Faizsiz | Taksitlə al,"Ekran ölçüsü 6.7'' | Operativ yaddaş 4 GB | SIM-kart ölçüsü Dual SIM (Nano-SIM, dual stand-by) | Ekran icazəsi 720x1600 | Ekran növü PLS LCD",https://bytelecom.az/az/products/samsung-galaxy-a06-4gb-ram,https://bytelecom.az//media/2024/09/25/product_images/32511/a06-blue-1.jpg
7329,Xiaomi Poco F6 Pro NFC (12GB RAM) White 256GB,879.00,999.00,AZN,İlkin ödənişsiz və Faizsiz | Taksitlə al,"Ekran ölçüsü 6.67'' | Operativ yaddaş 12 GB | SIM-kart ölçüsü Dual SIM (Nano-SIM, dual stand-by) | Ekran icazəsi 1440 x 3200 | Ekran növü AMOLED",https://bytelecom.az/az/products/xiaomi-poco-f6-pro-nfc-12gb-ram,https://bytelecom.az//media/2024/12/18/product_images/34103/f6-pro-vvhite-1.jpg
7314,Xiaomi Poco F6 NFC (12GB RAM) Titanium 512GB,709.00,789.00,AZN,İlkin ödənişsiz və Faizsiz | Taksitlə al,"Ekran ölçüsü 6.67'' | Operativ yaddaş 12 GB | SIM-kart ölçüsü Dual SIM (Nano-SIM, dual stand-by) | Ekran icazəsi 1220 x 2712 | Ekran növü AMOLED",https://bytelecom.az/az/products/xiaomi-poco-f6-nfc-12gb-ram,https://bytelecom.az//media/2024/08/07/product_images/32157/poco-f6-titanium-1.jpg
7311,Nokia 105 DS Azgeua Charcoal,69.00,99.00,AZN,İlkin ödənişsiz və Faizsiz | Taksitlə al,"Ekran ölçüsü 1.8"" | SIM-kart ölçüsü Dual SIM (Nano-SIM, dual stand-by) | Ekran icazəsi 120x160 | Ekran növü TFT LCD | Akkumulyatorun həcmi Li-Ion 1000 mAh",https://bytelecom.az/az/products/nokia-105-ds,https://bytelecom.az//media/2024/08/01/product_images/32131/nokia-1.jpg
7301,HONOR X6b (4GB RAM) Midnight Black 128GB,259.00,289.00,AZN,İlkin ödənişsiz və Faizsiz | Taksitlə al,"Ekran ölçüsü 6.56"" | Operativ yaddaş 4 GB | SIM-kart ölçüsü Dual SIM (Nano-SIM, dual stand-by) | Ekran icazəsi 720 x 1612 | Ekran növü TFT LCD",https://bytelecom.az/az/products/honor-x6b-4gb-ram,https://bytelecom.az//media/2024/07/09/product_images/32054/x6b-black-1.jpg
7279,OPPO Reno 11 F NFC (8GB RAM) Green 256GB,799.00,899.00,AZN,İlkin ödənişsiz və Faizsiz | Taksitlə al,"Ekran ölçüsü 6.7'' | Operativ yaddaş 8 GB | SIM-kart ölçüsü Dual SIM (Nano-SIM, dual stand-by) | Ekran icazəsi 1080 x 2412 | Ekran növü AMOLED",https://bytelecom.az/az/products/oppo-reno-11-f-nfc-8gb-ram,https://bytelecom.az//media/2024/06/07/product_images/31798/reno-11f-green-1.jpg
7276,OPPO A58 NFC (8GB RAM) Green 128GB,429.00,549.00,AZN,İlkin ödənişsiz və Faizsiz | Taksitlə al,"Ekran ölçüsü 6.72"" | Operativ yaddaş 8 GB | SIM-kart ölçüsü Dual SIM (Nano-SIM, dual stand-by) | Ekran icazəsi 1080 x 2400 | Ekran növü IPS LCD",https://bytelecom.az/az/products/oppo-a58-nfc-8gb-ram,https://bytelecom.az//media/2024/06/07/product_images/31763/oppo-a58-green-1.jpg
7275,OPPO A38 (4GB RAM) Gold 128GB,329.00,459.00,AZN,İlkin ödənişsiz və Faizsiz | Taksitlə al,"Ekran ölçüsü 6.56"" | Operativ yaddaş 4 GB | SIM-kart ölçüsü Dual SIM (Nano-SIM, dual stand-by) | Ekran icazəsi 720 x 1612 | Ekran növü IPS LCD",https://bytelecom.az/az/products/oppo-a38-4gb-ram,https://bytelecom.az//media/2024/06/07/product_images/31741/a38-gold-1.jpg
7273,OPPO A18 (4GB RAM) Blue 128GB,259.00,329.00,AZN,İlkin ödənişsiz və Faizsiz | Taksitlə al,"Ekran ölçüsü 6.56"" | Operativ yaddaş 4 GB | SIM-kart ölçüsü Dual SIM (Nano-SIM, dual stand-by) | Ekran icazəsi 720 x 1612 | Ekran növü IPS LCD",https://bytelecom.az/az/products/oppo-a18-4gb-ram,https://bytelecom.az//media/2024/06/07/product_images/31674/oppo-a18-blue-1.jpg
7197,Samsung Galaxy A25 NFC 5G (8GB RAM) Yellow 256GB,499.00,649.00,AZN,İlkin ödənişsiz və Faizsiz | Taksitlə al,"Ekran ölçüsü 6.5'' | Operativ yaddaş 8 GB | SIM-kart ölçüsü Hybrid Dual SIM (Nano-SIM, dual stand-by) | Ekran icazəsi 1080 x 2340 | Ekran növü Super Amoled",https://bytelecom.az/az/products/samsung-galaxy-a25-nfc-5g-8gb-ram,https://bytelecom.az//media/2024/04/09/product_images/31012/a15-yellovv-1.jpg
7196,Xiaomi Redmi A3 (4GB RAM) Blue 128GB,179.00,199.00,AZN,İlkin ödənişsiz və Faizsiz | Taksitlə al,"Ekran ölçüsü 6.71"" | Operativ yaddaş 4 GB | SIM-kart ölçüsü Dual SIM (Nano-SIM, dual stand-by) | Ekran icazəsi 720 x 1650 | Ekran növü IPS LCD",https://bytelecom.az/az/products/xiaomi-redmi-a3-4gb-ram,https://bytelecom.az//media/2024/04/09/product_images/31029/redmi-a3-blue-1.jpg
7195,Xiaomi Redmi A3 (3GB RAM) Blue 64GB,159.00,179.00,AZN,İlkin ödənişsiz və Faizsiz | Taksitlə al,"Ekran ölçüsü 6.71"" | Operativ yaddaş 3 GB | SIM-kart ölçüsü Dual SIM (Nano-SIM, dual stand-by) | Ekran icazəsi 720 x 1650 | Ekran növü IPS LCD",https://bytelecom.az/az/products/xiaomi-redmi-a3-3gb-ram,https://bytelecom.az//media/2024/05/15/product_images/31414/redmi-a3-blue-1.jpg
7024,HONOR X8b NFC (8GB RAM) Midnight Black 128GB,389.00,439.00,AZN,İlkin ödənişsiz və Faizsiz | Taksitlə al,"Ekran ölçüsü 6.7'' | Operativ yaddaş 8 GB | SIM-kart ölçüsü Dual SIM (Nano-SIM, dual stand-by) | Ekran icazəsi 1080 x 2412 | Ekran növü AMOLED",https://bytelecom.az/az/products/honor-x8b-nfc-8gb-ram,https://bytelecom.az//media/2024/01/30/product_images/29488/honor-x8b-black-1.jpg
7020,Xiaomi Poco M6 Pro (8GB RAM) Black 256GB,429.00,479.00,AZN,İlkin ödənişsiz və Faizsiz | Taksitlə al,"Ekran ölçüsü 6.67'' | Operativ yaddaş 8 GB | SIM-kart ölçüsü Hybrid Dual SIM (Nano-SIM, dual stand-by) | Ekran icazəsi 1080 x 2400 | Prosessor növü Mediatek Helio G99 Ultra",https://bytelecom.az/az/products/xiaomi-poco-m6-pro-8gb-ram,https://bytelecom.az//media/2024/01/30/product_images/29368/poco-m6-pro-black-1.jpg
6993,Samsung Galaxy A25 NFC 5G (6GB RAM) Blue black 128GB,479.00,549.00,AZN,İlkin ödənişsiz və Faizsiz | Taksitlə al,"Ekran ölçüsü 6.5'' | Operativ yaddaş 6 GB | SIM-kart ölçüsü Hybrid Dual SIM (Nano-SIM, dual stand-by) | Ekran icazəsi 1080 x 2340 | Ekran növü Super Amoled",https://bytelecom.az/az/products/samsung-galaxy-a25-nfc-5g-6gb-ram,https://bytelecom.az//media/2024/01/10/product_images/29102/a25-blue-black-1.jpg
6523,iPhone 15 Pro Max,3099.00,3499.00,AZN,Taksitlə al | Stokda Yoxdur,"Ekran ölçüsü 6.7'' | Operativ yaddaş 8 GB | SIM-kart ölçüsü Dual SIM (Nano-SIM and eSIM) | Ekran icazəsi 1290 x 2796 | Ekran növü LTPO Super Retina XDR OLED, 120Hz",https://bytelecom.az/az/products/iphone-15-pro-max,https://bytelecom.az//media/2023/09/26/product_images/25563/conversions/iphone-15-pro-max-black-titanium-1-thumb-medium.jpg
6514,iPhone 15 Pro,2549.00,2749.00,AZN,Taksitlə al | Stokda Yoxdur,Ekran ölçüsü 6.1'' | Operativ yaddaş 8 GB | SIM-kart ölçüsü Dual SIM (Nano-SIM and eSIM) | Ekran icazəsi 1179 × 2556 | Prosessor növü Apple A17 Pro (3 nm),https://bytelecom.az/az/products/iphone-15-pro-1,https://bytelecom.az//media/2023/09/26/product_images/25406/conversions/iphone-15-pro-black-titanium-1-thumb-medium.jpg
6505,iPhone 15 Plus,1999.00,2449.00,AZN,Taksitlə al | Stokda Yoxdur,Ekran ölçüsü 6.7'' | Operativ yaddaş 6 GB | SIM-kart ölçüsü Dual SIM (Nano-SIM and eSIM) | Ekran icazəsi 1290 x 2796 | Ekran növü Super Retina XDR OLED,https://bytelecom.az/az/products/iphone-15-plus,https://bytelecom.az//media/2023/09/25/product_images/25326/conversions/iphone-15-plus-green-1-thumb-medium.jpg
6504,iPhone 15,1679.00,1839.00,AZN,Taksitlə al | Stokda Yoxdur,Ekran ölçüsü 6.1'' | Operativ yaddaş 6 GB | SIM-kart ölçüsü Dual SIM (Nano-SIM and eSIM) | Ekran icazəsi 1179 × 2556 | Ekran növü Super Retina XDR OLED,https://bytelecom.az/az/products/iphone-15-1,https://bytelecom.az//media/2023/09/25/product_images/25236/conversions/iphone-15-black-1-thumb-medium.jpg
6137,Tecno Camon 20 Pro NFC (8GB RAM) Blue 256GB,439.00,469.00,AZN,İlkin ödənişsiz və Faizsiz | Taksitlə al,"Ekran ölçüsü 6.67'' | Operativ yaddaş 8 GB | SIM-kart ölçüsü Dual SIM (Nano-SIM, dual stand-by) | Ekran icazəsi 1080 x 2400 | Ekran növü AMOLED",https://bytelecom.az/az/products/tecno-camon-20-pro-nfc-8gb-ram,https://bytelecom.az//media/2023/07/05/product_images/22294/conversions/tecno-camon-20-pro-blue-1-thumb-medium.jpg
4443,iPhone 14,1449.00,1599.00,AZN,Taksitlə al | Stokda Yoxdur,Ekran ölçüsü 6.1'' | Operativ yaddaş 6 GB | Növü Smartfon | SIM-kart sayı 1 | SIM-kart ölçüsü Nano-SIM + eSIM,https://bytelecom.az/az/products/iphone-14,https://bytelecom.az//media/2022/10/01/product_images/12555/conversions/blue1-thumb-medium.jpg
3002,iPhone 13,1239.00,1349.00,AZN,Taksitlə al | Stokda Yoxdur,Ekran ölçüsü 6.1'' | Operativ yaddaş 4 GB | Növü Smartfon | SIM-kart sayı 1 | SIM-kart ölçüsü Nano-SIM + eSIM,https://bytelecom.az/az/products/iphone-13,https://bytelecom.az//media/2024/03/14/product_images/30854/13blue1.webp
