product_id,product_code,name,price_current,price_original,discount_pct,currency,installment_6m,installment_12m,installment_18m,in_stock,url,image
105704,91A4TSE,iPhone 17 256 GB Black,2229.99,2599.99,-14%,AZN,371.67,185.83,123.89,Yes,https://irshad.az/az/mehsullar/iphone-17-256-gb-black-2,https://storage.irshad.az/products/resized/2o3zzaKIp5tnfeA9hSB7WFS7dt7WJ24T8AhgWT56.png
108006,K1UN8Y4,Motorola Edge 70 5G 12GB 512GB Bronze Green,1159.99,1299.99,-11%,AZN,193.33,96.67,64.44,Yes,https://irshad.az/az/mehsullar/motorola-edge-70-5g-12gb-512gb-bronze-green,https://storage.irshad.az/products/resized/WSnpKA4CoBj5hlyX50TqRck1yYRPLQls4KqfvotM.jpg
108001,QRL1KHE,Motorola Edge 60 Pro 5G 12GB 512GB SHADOW (green),1349.99,1499.99,-10%,AZN,225,112.50,75,Yes,https://irshad.az/az/mehsullar/motorola-edge-60-pro-5g-12gb-512gb-shadow-green,https://storage.irshad.az/products/resized/RLEwmeU7JgXq8LPb7HvqMosk9PkmT1LpoioUBKmv.jpg
107984,VDKSIYC,Motorola moto G86 Power 5G 8GB 512GB Spellbound (Grey),769.99,849.99,-9%,AZN,128.33,64.17,42.78,Yes,https://irshad.az/az/mehsullar/motorola-moto-g86-power-5g-8gb-512gb-spellbound-grey,https://storage.irshad.az/products/resized/k2qbFyhz81HBYuWWL6ixQi2qjxkFfW9AuAkCFSgt.jpg
107982,J5LIXRG,Motorola moto G56 5G 12GB 256GB Black Oyster (black),569.99,639.99,-11%,AZN,95,47.50,31.67,Yes,https://irshad.az/az/mehsullar/motorola-moto-g56-5g-12gb-256gb-black-oyster-black,https://storage.irshad.az/products/resized/woDVFdPpzx6lDJ5FLtYllRtCzdub5iuIdQ8fcuLE.png
107969,8QVSOQM,Motorola moto G15 NFC 8GB 256GB Iguana Green,379.99,429.99,-12%,AZN,63.33,31.67,21.11,Yes,https://irshad.az/az/mehsullar/motorola-moto-g15-nfc-8gb-256gb-iguana-green-2,https://storage.irshad.az/products/resized/5efqMAeSgBSpVToieVv1NJzrUf7Vm0huvuf4rSwP.jpg
107967,LFPT6QR,Motorola moto G06 NFC 4GB 128GB Laurel Oak (Khaki),259.99,299.99,-13%,AZN,43.33,21.67,14.44,Yes,https://irshad.az/az/mehsullar/motorola-moto-g06-nfc-4gb-128gb-laurel-oak-khaki-2,https://storage.irshad.az/products/resized/rytiUqswsWhJDDt1SNraGvj5r1HV671KMS5olARv.jpg
107958,GWYTYQ3,Motorola moto G06 Power NFC 4GB 256GB Laurel Oak (Khaki),319.99,359.99,-11%,AZN,53.33,26.67,17.78,Yes,https://irshad.az/az/mehsullar/motorola-moto-g06-power-nfc-4gb-256gb-laurel-oak-khaki,https://storage.irshad.az/products/resized/SlQ7eNZ6tw2yqQ04SKYg1rVLT3GSZh4vkcV4ilsV.jpg
107955,CMLZDQV,Motorola moto G06 Power NFC 8GB 256GB Laurel Oak (Khaki),359.99,399.99,-10%,AZN,60,30,20,Yes,https://irshad.az/az/mehsullar/motorola-moto-g06-power-nfc-8gb-256gb-laurel-oak-khaki,https://storage.irshad.az/products/resized/SlQ7eNZ6tw2yqQ04SKYg1rVLT3GSZh4vkcV4ilsV.jpg
107715,ODOBMIW,HONOR X8d 8 GB / 256 GB Light Blue,549.99,649.99,-15%,AZN,91.67,45.83,30.56,Yes,https://irshad.az/az/mehsullar/honor-x8d-8-gb-256-gb-light-blue,https://storage.irshad.az/products/resized/TdLpaXOREJJPUhEhVDIA46fYfg4T8dPqMjiTWiY2.png
107714,CPJMHHC,HONOR X8d 8 GB / 128 GB Velvet Grey,499.99,599.99,-17%,AZN,83.33,41.67,27.78,Yes,https://irshad.az/az/mehsullar/honor-x8d-8-gb-128-gb-velvet-grey,https://storage.irshad.az/products/resized/ZCh6Gdoxb69YqH7Xw2YEEIhMTHXhNO9X4IVlE65L.png
107494,SLSTQWB,Xiaomi Redmi Note 15 Pro+ 5G 12 GB / 512 GB Black,1069.99,1369.99,-22%,AZN,178.33,89.17,59.44,Yes,https://irshad.az/az/mehsullar/xiaomi-redmi-note-15-pro-5g-12-gb-512gb-black-2,https://storage.irshad.az/products/resized/VKetLjoduEKxYWU4IU8cRsYGKkv3JAW7Yk01Nugb.png
107491,AWKE0IS,Xiaomi Redmi Note 15 Pro+ 5G  8 GB / 256 GB Black,899.99,1169.99,-23%,AZN,150,75,50,Yes,https://irshad.az/az/mehsullar/xiaomi-redmi-note-15-pro-5g-8-gb-256-gb-black-4,https://storage.irshad.az/products/resized/VKetLjoduEKxYWU4IU8cRsYGKkv3JAW7Yk01Nugb.png
107490,9HT1FUP,Xiaomi Redmi Note 15 Pro 5G  8 GB / 256 GB Titanium Color,739.99,959.99,-23%,AZN,123.33,61.67,41.11,Yes,https://irshad.az/az/mehsullar/xiaomi-redmi-note-15-pro-5g-8-gb-256-gb-titanium-color-2,https://storage.irshad.az/products/resized/zyxdltxH0QoUvitFKEr8Za6JQ33bDQqaFhfIv11P.png
107484,5KJ0CKA,Xiaomi Redmi Note 15 Pro 12 GB / 512 GB Black,799.99,1019.99,-22%,AZN,133.33,66.67,44.44,Yes,https://irshad.az/az/mehsullar/xiaomi-redmi-note-15-pro-12-gb-512-gb-black-2,https://storage.irshad.az/products/resized/BiNd0w2oapagkFvmHGjchHsLAbLWV0ZIfQCvXkgs.png
107482,WPARCXQ,Xiaomi Redmi Note 15 Pro 8 GB / 256 GB Titanium Color,619.99,819.99,-24%,AZN,103.33,51.67,34.44,Yes,https://irshad.az/az/mehsullar/xiaomi-redmi-note-15-pro-8-gb-256-gb-titanium-color-2,https://storage.irshad.az/products/resized/TMSSTA4S3Lw7ft1yxT5xik1MoVFEEB7MzbaA5oUq.png
107474,0DSLXOA,Xiaomi Redmi Note 15 8 GB / 256 GB Glacier Blue,499.99,659.99,-24%,AZN,83.33,41.67,27.78,Yes,https://irshad.az/az/mehsullar/xiaomi-redmi-note-15-8-gb-256-gb-glacier-blue-2,https://storage.irshad.az/products/resized/lsPY5dRwSOibye9cOVsIIpxYCr2dkY6ZbgF7GekI.png
107461,3FNUAZJ,Poco M8 Pro 12 GB / 512 GB Black,889.99,1069.99,-17%,AZN,148.33,74.17,49.44,Yes,https://irshad.az/az/mehsullar/poco-m8-pro-12-gb-512-gb-black,https://storage.irshad.az/products/resized/lzO85a9KslldRDvFWbQIppyRo7L5glkm67OImcqn.png
107458,1XUTTRW,Poco M8 Pro 8 GB / 256 GB Black,739.99,889.99,-17%,AZN,123.33,61.67,41.11,Yes,https://irshad.az/az/mehsullar/poco-m8-pro-8-gb-256-gb-black,https://storage.irshad.az/products/resized/lzO85a9KslldRDvFWbQIppyRo7L5glkm67OImcqn.png
107454,0M2ZWAH,Poco M8 8 GB / 256 GB Green,549.99,669.99,-18%,AZN,91.67,45.83,30.56,Yes,https://irshad.az/az/mehsullar/poco-m8-8-gb-256-gb-green,https://storage.irshad.az/products/resized/fSoq7KrRPzgBYwVZxttaXTkyBPI0z4YmN59TZP0U.png
107578,8TCLNGJ,Xiaomi Redmi Note 15 6 GB / 128 GB Glacier Blue,449.99,569.99,-21%,AZN,75,37.50,25,Yes,https://irshad.az/az/mehsullar/xiaomi-redmi-note-15-6-gb-128-gb-glacier-blue-2,https://storage.irshad.az/products/resized/uOY9GbwHNwJIr95Qo9MQwQe4gM72ZJ4EcoP0Z3QE.webp
107123,HVMLPHZ,Infinix Hot 60 Pro 8GB/256GB Titanium Silver,449.99,549.99,-18%,AZN,75,37.50,25,Yes,https://irshad.az/az/mehsullar/infinix-hot-60-pro-8gb-256gb-titanium-silver,https://storage.irshad.az/products/resized/qpZTPMu5mB6XE6ofptJPXztZCvU74MG8UhRUu61m.jpg
107122,E5KI4FE,Infinix HOT 50i 4GB/256GB SAGE GREEN,319.99,349.99,-9%,AZN,53.33,26.67,17.78,Yes,https://irshad.az/az/mehsullar/infinix-hot-50i-4gb-256gb-sage-green,https://storage.irshad.az/products/resized/VdSqGpejMRnv6vuemrG28pXySM4OgfYPzQQj2nuv.jpg
107115,8FQ6OHN,Infinix HOT 60i 8GB/256GB TITANIUM SILVER,349.99,389.99,-10%,AZN,58.33,29.17,19.44,Yes,https://irshad.az/az/mehsullar/infinix-hot-60i-8gb-256gb-titanium-silver,https://storage.irshad.az/products/resized/RbDgVh8Mx1YPJhjTTsSOGwN0FR1wwiZQsavD3akW.jpg
107002,HVSZA6I,Xiaomi Redmi 15C 6 GB / 128 GB Midnight Black,269.99,329.99,-18%,AZN,45,22.50,15,Yes,https://irshad.az/az/mehsullar/xiaomi-redmi-15c-6-gb-128-gb-midnight-black-2,https://storage.irshad.az/products/resized/BpLVnYX99ajzkKP2zBihWK5ooDQpQ9qqnCtN3On8.png
106519,IRMIIPJ,HONOR X9d 8 GB / 256 GB Reddish Brown,729.99,899.99,-19%,AZN,121.67,60.83,40.56,Yes,https://irshad.az/az/mehsullar/honor-x9d-8-gb-256-gb-reddish-brown,https://storage.irshad.az/products/resized/ogZwH0mEMBnMlM04rzO3FT4EoG9xDW5T6HiM0Hk0.png
106526,5LVZYPW,HONOR X9d 12 GB / 256 GB Forest Green,829.99,999.99,-17%,AZN,138.33,69.17,46.11,Yes,https://irshad.az/az/mehsullar/honor-x9d-12-gb-256-gb-forest-green,https://storage.irshad.az/products/resized/TMo9ijSLteSwXM9mqy2QJCvIoyd0ajwbpfvZGiNr.png
106215,CSHMZJH,HONOR X5c 4 GB / 64 GB Black,199.99,239.99,-17%,AZN,33.33,16.67,11.11,Yes,https://irshad.az/az/mehsullar/honor-x5c-4-gb-64-gb-black,https://storage.irshad.az/products/resized/tH9zfdJqvvdTvnxw5dW67d0zdvrJlyfIWIiaOIpq.png
106198,FUMNUUG,HONOR X5c Plus 4 GB / 128 GB Meteor Silver,249.99,299.99,-17%,AZN,41.67,20.83,13.89,Yes,https://irshad.az/az/mehsullar/honor-x5c-plus-4-gb-128-gb-meteor-silver,https://storage.irshad.az/products/resized/OLxcsCqTAUSurlRudp1HHvf6Dg96eVkt1JGI8O7g.png
106179,R8E2BG6,Xiaomi 15T Pro 12 GB / 1 TB Gray,1599.99,1929.99,-17%,AZN,266.67,133.33,88.89,Yes,https://irshad.az/az/mehsullar/xiaomi-15t-pro-12-gb-1-tb-gray,https://storage.irshad.az/products/resized/k1UXC9NXCQFC97i4vftSeii1xpNNx2amDlLAwxq9.png
106177,5EA4CQT,Xiaomi 15T Pro 12 GB / 512 GB Mocha Gold,1469.99,1779.99,-17%,AZN,245,122.50,81.67,Yes,https://irshad.az/az/mehsullar/xiaomi-15t-pro-12-gb-512-gb-mocha-gold,https://storage.irshad.az/products/resized/cFhujoKCTiGqeO99N6e4P3YovLfwBmiFdaQEN0aB.png
106171,2UB7AMC,Xiaomi 15T 12 GB / 512 GB Black,1089.99,1329.99,-18%,AZN,181.67,90.83,60.56,Yes,https://irshad.az/az/mehsullar/xiaomi-15t-12-gb-512-gb-black,https://storage.irshad.az/products/resized/PbQ1yORaUW7y1fnFXuF1SoqeT0vB7ufULHGR0YEU.png
106071,XHRWM6O,Samsung Galaxy S25 FE (SM-S731) 8 GB / 512 GB Black,1569.99,1869.99,-16%,AZN,261.67,130.83,87.22,Yes,https://irshad.az/az/mehsullar/samsung-galaxy-s25-fe-sm-s731-8-gb-512-gb-black-2,https://storage.irshad.az/products/resized/3MRZPvOvfE816StAhKHtfM5pI0ajiGNfm8guI8eZ.png
105884,RSX75AP,POCO C85 8 GB / 256 GB Black,299.99,369.99,-19%,AZN,50,25,16.67,Yes,https://irshad.az/az/mehsullar/poco-c85-8-gb-256-gb-black-2,https://storage.irshad.az/products/resized/rrjxU8cuQjOtsGGG1KFQTa4O3rUD6XFLNFe7j7Vb.png
105883,HSSXGHZ,POCO C85 6 GB / 128 GB Green,249.99,319.99,-22%,AZN,41.67,20.83,13.89,Yes,https://irshad.az/az/mehsullar/poco-c85-6-gb-128-gb-green-2,https://storage.irshad.az/products/resized/p6NU9n7JeKg70tIJpocPcfYaEIL1O2qZVrpy6dw6.png
105870,ZYCHIA2,iPhone 17 Pro Max 256 GB Silver,3349.99,3849.99,-13%,AZN,558.33,279.17,186.11,Yes,https://irshad.az/az/mehsullar/iphone-17-pro-max-256-gb-silver-2,https://storage.irshad.az/products/resized/kQCXGrwODmhiJgluJSThELhKuteeqEyPPjbwxvcI.png
105875,KPXZGBS,iPhone 17 Pro Max 512 GB Cosmic Orange,3899.99,4499.99,-13%,AZN,650,325,216.67,Yes,https://irshad.az/az/mehsullar/iphone-17-pro-max-512-gb-cosmic-orange-2,https://storage.irshad.az/products/resized/EpEkMw1yMU6081k2meTvefdTdr7LxXbuB7Eq6sZV.png
105866,5QNPFHV,iPhone 17 Pro 512 GB Deep Blue,3599.99,4199.99,-14%,AZN,600,300,200,Yes,https://irshad.az/az/mehsullar/iphone-17-pro-512-gb-deep-blue-2,https://storage.irshad.az/products/resized/YnwqfEv81UQfBR4qpBkwGulruSVoiG9BiQSEulFe.png
105864,LZ5AGZT,iPhone 17 Pro 1 TB Cosmic Orange,4099.99,4699.99,-13%,AZN,683.33,341.67,227.78,Yes,https://irshad.az/az/mehsullar/iphone-17-pro-1-tb-cosmic-orange-2,https://storage.irshad.az/products/resized/eejixoO48GfFzxGaoWoYHRlAAzjyFK5Di5YIPAPw.png
105862,QDRGSQ0,iPhone 17 Pro 256 GB Cosmic Orange,3079.99,3599.99,-14%,AZN,513.33,256.67,171.11,Yes,https://irshad.az/az/mehsullar/iphone-17-pro-256-gb-cosmic-orange-2,https://storage.irshad.az/products/resized/eejixoO48GfFzxGaoWoYHRlAAzjyFK5Di5YIPAPw.png
105860,ZJW78SJ,iPhone Air 1 TB Sky Blue,3649.99,3989.99,-9%,AZN,608.33,304.17,202.78,Yes,https://irshad.az/az/mehsullar/iphone-air-1-tb-sky-blue,https://storage.irshad.az/products/resized/NP9MVnldsrG6QZyx4PKTVJQqmyX7XbcFcY09oL5j.png
105817,WE9PW8Y,iPhone Air 512 GB Sky Blue,3099.99,3439.99,-10%,AZN,516.67,258.33,172.22,Yes,https://irshad.az/az/mehsullar/iphone-air-512-gb-sky-blue,https://storage.irshad.az/products/resized/NP9MVnldsrG6QZyx4PKTVJQqmyX7XbcFcY09oL5j.png
105815,RF1R0JV,iPhone Air 256 GB Cloud White,2499.99,2859.99,-13%,AZN,416.67,208.33,138.89,Yes,https://irshad.az/az/mehsullar/iphone-air-256-gb-cloud-white,https://storage.irshad.az/products/resized/fAImg3yXNhkOCjHdybgSPYp85Ap53pCv7KLefqZ2.png
105801,85ZH1KC,Samsung Galaxy S25 FE (SM-S731) 8 GB / 256 GB Navy,1319.99,1619.99,-19%,AZN,220,110,73.33,Yes,https://irshad.az/az/mehsullar/samsung-galaxy-s25-fe-sm-s731-8-gb-256-gb-navy-2,https://storage.irshad.az/products/resized/kp8EqzGr94V2S2Uokla1X1uZTN7hSXqltKkFj7WY.png
105763,P8XNRMT,Samsung Galaxy S25 FE (SM-S731) 8 GB / 128 GB Navy,1169.99,1469.99,-20%,AZN,195,97.50,65,Yes,https://irshad.az/az/mehsullar/samsung-galaxy-s25-fe-sm-s731-8-gb-128-gb-navy-2,https://storage.irshad.az/products/resized/kp8EqzGr94V2S2Uokla1X1uZTN7hSXqltKkFj7WY.png
106063,MEI3URS,Samsung Galaxy A17 (SM-A175) 8 GB / 256 GB Gray,459.99,569.99,-19%,AZN,76.67,38.33,25.56,Yes,https://irshad.az/az/mehsullar/samsung-galaxy-a17-sm-a175-8-gb-256-gb-gray,https://storage.irshad.az/products/resized/Qe7NIZGaEY4KkeqDm15v9MCzfMzEzTcxcQywC0Bg.png
105758,IFFKLEF,Samsung Galaxy A17 (SM-A175) 6 GB / 128 GB Black,379.99,459.99,-17%,AZN,63.33,31.67,21.11,Yes,https://irshad.az/az/mehsullar/samsung-galaxy-a17-sm-a175-6-gb-128-gb-black,https://storage.irshad.az/products/resized/kdzpcmrdzxmiO9mg9trPOJS0mLSam8M4VPr9lb3H.png
105760,7MQ5WDZ,Samsung Galaxy A17 (SM-A175) 4 GB / 128 GB Gray,339.99,419.99,-19%,AZN,56.67,28.33,18.89,Yes,https://irshad.az/az/mehsullar/samsung-galaxy-a17-sm-a175-4-gb-128-gb-gray,https://storage.irshad.az/products/resized/Qe7NIZGaEY4KkeqDm15v9MCzfMzEzTcxcQywC0Bg.png
105314,QNBYPWC,Xiaomi Redmi 15 6 GB / 128 GB Sandy Purple,329.99,429.99,-23%,AZN,55,27.50,18.33,Yes,https://irshad.az/az/mehsullar/xiaomi-redmi-15-6-gb-128-gb-sandy-purple,https://storage.irshad.az/products/resized/1QJ8KY4HNFrCm0Bo518hZyqZ1emLQeyd1mrveYSU.png
106744,5SQBSMH,Samsung Galaxy A07 (SM-A075) 4 GB / 128 GB Black,249.99,309.99,-19%,AZN,41.67,20.83,13.89,Yes,https://irshad.az/az/mehsullar/samsung-galaxy-a07-sm-a075-4-gb-128-gb-black,https://storage.irshad.az/products/resized/4GG16IFI2pgMhhBJ97jhdscIJZHuUdlwQYazytrq.png
105156,V7GDPG3,Samsung Galaxy A07 (SM-A075) 4 GB / 64 GB Green,209.99,269.99,-22%,AZN,35,17.50,11.67,Yes,https://irshad.az/az/mehsullar/samsung-galaxy-a07-sm-a075-4-gb-64-gb-green,https://storage.irshad.az/products/resized/rA7JOZOHs7rsdvAWkeB9N6Low6PRK1RjbYoQyIv2.png
105302,SDS2QCX,HONOR X7d 8 GB / 256 GB Velvet Black,439.99,539.99,-19%,AZN,73.33,36.67,24.44,Yes,https://irshad.az/az/mehsullar/honor-x7d-8-gb-256-gb-velvet-black-2,https://storage.irshad.az/products/resized/Ye0II715OPAerepNXfVQPgxdPhHw0EX6mbqpdnXJ.png
105320,08ZZ27Z,HONOR X7d 8 GB / 128 GB Meteor Silver,389.99,489.99,-20%,AZN,65,32.50,21.67,Yes,https://irshad.az/az/mehsullar/honor-x7d-8-gb-128-gb-meteor-silver,https://storage.irshad.az/products/resized/Tf2doMgSHj7NykQylLTe2aDQDBXfz9kgmoW3ou7s.png
105238,2B1XW6P,Motorola Razr 60 8GB 256GB Gibraltar Sea(blue),1699.99,1899.99,-11%,AZN,283.33,141.67,94.44,Yes,https://irshad.az/az/mehsullar/motorola-razr-60-8gb-256gb-gibraltar-sea-blue,https://storage.irshad.az/products/resized/v7vxyXnNNtknYI0JwYZwd6XnKcpYKPeEcHUTxQqI.jpg
105164,MGRBGTT,Samsung Galaxy A07 (SM-A075) 6 GB / 128 GB Black,269.99,329.99,-18%,AZN,45,22.50,15,Yes,https://irshad.az/az/mehsullar/samsung-galaxy-a07-sm-a075-6-gb-128-gb-black,https://storage.irshad.az/products/resized/4GG16IFI2pgMhhBJ97jhdscIJZHuUdlwQYazytrq.png
105019,KCFEX8Z,Poco M7 6 GB / 128 GB Silver,309.99,389.99,-21%,AZN,51.67,25.83,17.22,Yes,https://irshad.az/az/mehsullar/poco-m7-6-gb-128-gb-silver,https://storage.irshad.az/products/resized/GHsYjKZdsiLcSWESi8paWx3fPBl4ikLf0jwOwOHZ.png
105016,MRYVEBD,Xiaomi Redmi 15 8 GB / 256 GB Midnight Black,379.99,479.99,-21%,AZN,63.33,31.67,21.11,Yes,https://irshad.az/az/mehsullar/xiaomi-redmi-15-8-gb-256-gb-midnight-black,https://storage.irshad.az/products/resized/BX448yO17YqKxnqcV3Blf8gEzblbQNYDRjmVN1It.png
107004,IUSXZAJ,Xiaomi Redmi 15C 8 GB / 256 GB Moonlight Blue,319.99,389.99,-18%,AZN,53.33,26.67,17.78,Yes,https://irshad.az/az/mehsullar/xiaomi-redmi-15c-8-gb-256-gb-moonlight-blue-2,https://storage.irshad.az/products/resized/90vahahKGv8KZtj1CqdVqW3p51FJTv67v6j1KAPs.png
105317,GTERBNU,Xiaomi Redmi 15C 4 GB / 128 GB Mint Green,249.99,299.99,-17%,AZN,41.67,20.83,13.89,Yes,https://irshad.az/az/mehsullar/xiaomi-redmi-15c-4-gb-128-gb-mint-green,https://storage.irshad.az/products/resized/Q6uVgY7UwbmeT6dfjzwWNBL8eVYGNe8ZU0ZujWtm.png
104710,OLFTPDW,HONOR X6c 6 GB / 256 GB Ocean Cyan,329.99,409.99,-20%,AZN,55,27.50,18.33,Yes,https://irshad.az/az/mehsullar/honor-x6c-6-gb-256-gb-ocean-cyan,https://storage.irshad.az/products/resized/7YiCgHtiAnSze84Dgtm1DNx4PK4AdppWx31sQV7L.png
104708,5LX3ZHN,HONOR X6c 6 GB / 128 GB Ocean Cyan,279.99,359.99,-22%,AZN,46.67,23.33,15.56,Yes,https://irshad.az/az/mehsullar/honor-x6c-6-gb-128-gb-ocean-cyan,https://storage.irshad.az/products/resized/7YiCgHtiAnSze84Dgtm1DNx4PK4AdppWx31sQV7L.png
104666,RDBBSDI,Samsung Galaxy Z Flip7 FE (SM-F761) 8 GB / 256 GB Black,1649.99,2019.99,-18%,AZN,275,137.50,91.67,Yes,https://irshad.az/az/mehsullar/samsung-galaxy-z-flip7-fe-sm-f761-8-gb-256-gb-black-2,https://storage.irshad.az/products/resized/wNPTJNpZeOrdVzuwU1mprKoZrfVHUINrUXpuelN6.png
104661,DZ7WV2C,Samsung Galaxy Z Fold 7 (SM-F966) 12 GB / 512 GB Silver,3999.99,4499.99,-11%,AZN,666.67,333.33,222.22,Yes,https://irshad.az/az/mehsullar/samsung-galaxy-z-fold-7-sm-f966-12-gb-512-gb-silver,https://storage.irshad.az/products/resized/3iUcEala1jf572mdAXB60oDPfQDKlMhvoHo6GaXY.png
104657,K15PMLH,Samsung Galaxy Z Flip 7 (SM-F766) 12 GB / 512 GB Black,2149.99,2719.99,-21%,AZN,358.33,179.17,119.44,Yes,https://irshad.az/az/mehsullar/samsung-galaxy-z-flip-7-sm-f766-12-gb-512-gb-black,https://storage.irshad.az/products/resized/aZQX7f72nrgo2Ie7F9d9bYpVeonvIAMPXCLwWQfh.png
104655,TQ8IRQO,Samsung Galaxy Z Flip 7 (SM-F766) 12 GB / 256 GB Blue Shaow,1999.99,2519.99,-21%,AZN,333.33,166.67,111.11,Yes,https://irshad.az/az/mehsullar/samsung-galaxy-z-flip-7-sm-f766-12-gb-256-gb-blue-shaow,https://storage.irshad.az/products/resized/cacpEl9JWKSa10eYUHWZRKyLyB2OxN75iBqepACk.png
104662,WHURF7V,Samsung Galaxy Z Fold 7 (SM-F966) 12 GB / 256 GB Blue,3749.99,4199.99,-11%,AZN,625,312.50,208.33,Yes,https://irshad.az/az/mehsullar/samsung-galaxy-z-fold-7-sm-f966-12-gb-256-gb-blue,https://storage.irshad.az/products/resized/IiiyYQYYFSC09Q22ux5hK0o1GJGm9332nhdSPDOM.png
104573,IYRPTZJ,POCO F7 5G 12 GB / 512 GB Black,999.99,1199.99,-17%,AZN,166.67,83.33,55.56,Yes,https://irshad.az/az/mehsullar/poco-f7-12-gb-512-gb-black,https://storage.irshad.az/products/resized/KN7OmDLAQglirKGICMOc6F2jGYg2acNy9B7t6LNt.png
104944,IGOBZX2,Poco M7 Pro 5G 12 GB / 256 GB Green,469.99,599.99,-22%,AZN,78.33,39.17,26.11,Yes,https://irshad.az/az/mehsullar/poco-m7-pro-5g-12-gb-256-gb-green,https://storage.irshad.az/products/resized/EQBKLrTXKkWpTA0gV4i7LLMih6BSfOMsKUHTZHOe.png
104418,9OSKYKB,HONOR 400 Pro 12 GB / 256 GB Midnight Black,1149.99,1419.99,-19%,AZN,191.67,95.83,63.89,Yes,https://irshad.az/az/mehsullar/honor-400-pro-12-gb-256-gb-midnight-black,https://storage.irshad.az/products/resized/Lg0tIr4LEIUZWKfnmXVK6tisxAZTtAAOYvVbNfFe.png
104419,QMINFWD,HONOR 400 Pro 12 GB / 512 GB Lunar Gray,1299.99,1619.99,-20%,AZN,216.67,108.33,72.22,Yes,https://irshad.az/az/mehsullar/honor-400-pro-12-gb-512-gb-lunar-gray,https://storage.irshad.az/products/resized/m3oenCV7d3DULY5j0cwdI66cWbzuruPj8rxLsvfg.png
104416,HQRRHAI,HONOR 400 12 GB / 512 GB Midnight Black,959.99,1219.99,-21%,AZN,160,80,53.33,Yes,https://irshad.az/az/mehsullar/honor-400-12-gb-512-gb-midnight-black,https://storage.irshad.az/products/resized/ofOk0jkhgRUeX4v5mwXetpjkIMwXBaMKXwT1wwHT.png
104412,HI81UBG,HONOR 400 12 GB / 256 GB Meteor Silver,879.99,1119.99,-21%,AZN,146.67,73.33,48.89,Yes,https://irshad.az/az/mehsullar/honor-400-12-gb-256-gb-meteor-silver,https://storage.irshad.az/products/resized/6DBf94zAHraCMjKXxqAGc2X02LXY95IXFwoKJM9P.png
104396,T5WZXLO,HONOR 400 8 GB / 256 GB Midnight Black,829.99,1019.99,-19%,AZN,138.33,69.17,46.11,Yes,https://irshad.az/az/mehsullar/honor-400-8-gb-256-gb-midnight-black,https://storage.irshad.az/products/resized/ofOk0jkhgRUeX4v5mwXetpjkIMwXBaMKXwT1wwHT.png
104322,F6XIV7F,Infinix NOTE 50 pro X6855 Nfc 12/256 Shadow Black,739.99,829.99,-11%,AZN,123.33,61.67,41.11,Yes,https://irshad.az/az/mehsullar/infinix-note-50-pro-x6855-nfc-12-256-shadow-black,https://storage.irshad.az/products/resized/FlgGsSwpPZESI4VXtPEr5SiTWx6O12AaoQX7hFBw.jpg
104216,W9KPXYA,Motorola Edge 60 5G 12GB 512GB Shamrock (green),999.99,1099.99,-9%,AZN,166.67,83.33,55.56,Yes,https://irshad.az/az/mehsullar/motorola-edge-60-5g-12gb-512gb-shamrock-green-104216-az,https://storage.irshad.az/products/resized/lN6iz42vgEx5Sddqzx0VBXorK6EbUlEgjPIPDq1T.jpg
104196,H4U3N7L,Motorola Edge 60 Fusion 5G 12GB 256GB Slipstream (grey),809.99,899.99,-10%,AZN,135,67.50,45,Yes,https://irshad.az/az/mehsullar/motorola-edge-60-fusion-5g-12gb-256gb-slipstream-grey-104196-az,https://storage.irshad.az/products/resized/e3Fk1Pz1lCYk8tDrgacJXPgFnMhYk2tvbR5iavh9.jpg
103798,103798,HMD 2660 Flip DS Azgeua Black,179.99,199.99,-10%,AZN,30,15,10,Yes,https://irshad.az/az/mehsullar/hmd-2660-flip-ds-azgeua-black,https://storage.irshad.az/products/resized/t1rcBgT8RKZzorRixXutNYArgGDqibXybduMTlnb.webp
103781,103781,HONOR 400 Lite 8 GB / 256 GB Velvet Gray,589.99,719.99,-18%,AZN,98.33,49.17,32.78,Yes,https://irshad.az/az/mehsullar/honor-400-lite-8-gb-256-gb-velvet-gray,https://storage.irshad.az/products/resized/3zZnmpSqBKKkeKP4oVcKovnjUpoOS64GLAam3b2y.webp
105308,UWBFWE7,POCO F7 Pro 12 GB / 512 GB Blue,1199.99,1499.99,-20%,AZN,200,100,66.67,Yes,https://irshad.az/az/mehsullar/poco-f7-pro-12-gb-512-gb-blue,https://storage.irshad.az/products/resized/Z7E4sMY4ZISckyNhvXA6S5MkN8Jf3bqLlGMDaxmd.png
103477,103477,Xiaomi Redmi A5 4 GB / 128 GB Midnight Black,179.99,229.99,-22%,AZN,30,15,10,Yes,https://irshad.az/az/mehsullar/xiaomi-redmi-a5-4-gb-128-gb-midnight-black,https://storage.irshad.az/products/resized/oCX7Q2qVGTyJS0VxQvMlbHK7ImrUXLKjEsVnqSaZ.webp
103473,103473,Samsung Galaxy A26 ( SM-A266) 8 GB / 256 GB Black,519.99,719.99,-28%,AZN,86.67,43.33,28.89,Yes,https://irshad.az/az/mehsullar/samsung-galaxy-a26-sm-a266-8-gb-256-gb-black,https://storage.irshad.az/products/resized/kwmuw3PRX9a6KPULE5oahE6wXPhMRxDJa5supkLI.webp
103471,103471,Samsung Galaxy A26 ( SM-A266) 6 GB / 128 GB White,469.99,619.99,-24%,AZN,78.33,39.17,26.11,Yes,https://irshad.az/az/mehsullar/samsung-galaxy-a26-sm-a266-6-gb-128-gb-white,https://storage.irshad.az/products/resized/C4cHqH5Sqbfak9OLjNCE3GWQ1Y7rO2xJBho8qwTh.webp
103255,103255,Infinix HOT 50i 4+128G X6531B Green,279.99,399.99,-30%,AZN,46.67,23.33,15.56,Yes,https://irshad.az/az/mehsullar/infinix-hot-50i-4-128g-x6531b-green,https://storage.irshad.az/products/resized/TwVF7bQwgK5ZzT7o0w6qB5lONUgtB9eEmw01bpLA.webp
103160,103160,Samsung Galaxy A56 (SM-A566) 8 GB / 256 GB Black,879.99,1099.99,-20%,AZN,146.67,73.33,48.89,Yes,https://irshad.az/az/mehsullar/samsung-galaxy-a56-sm-a566-8-gb-256-gb-black,https://storage.irshad.az/products/resized/DZkKygMVUxL9zCIzsrRlVrJQZhyzQrkfnra3fDGs.webp
103161,103161,Samsung Galaxy A56 (SM-A566) 8 GB / 128 GB Gray,789.99,999.99,-21%,AZN,131.67,65.83,43.89,Yes,https://irshad.az/az/mehsullar/samsung-galaxy-a56-sm-a566-8-gb-128-gb-gray,https://storage.irshad.az/products/resized/YYaZUSBF5UykzjYD4SbGdlHupt9sJZjtXv16YiDu.webp
103149,103149,Samsung Galaxy A36 (SM-A366) 8 GB / 256 GB Black,719.99,919.99,-22%,AZN,120,60,40,Yes,https://irshad.az/az/mehsullar/samsung-galaxy-a36-sm-a366-8-gb-256-gb-black,https://storage.irshad.az/products/resized/hdV4LujQp0aDT7lDybx1FqP1eehFAo6DQ1wSWCxv.webp
103131,103131,Samsung Galaxy S25 (SM-S931) 12 GB / 256 GB Silver Shadow,1669.99,2069.99,-19%,AZN,278.33,139.17,92.78,Yes,https://irshad.az/az/mehsullar/samsung-galaxy-s25-sm-s931-12-gb-256-gb-silver-shadow,https://storage.irshad.az/products/resized/44BXlqHdthMqdy5K4hTEbCDVxDyttwSHUoEtW7TY.webp
102614,102614,Samsung Galaxy S25 (SM-S931) 12 GB / 128 GB Navy,1519.99,1919.99,-21%,AZN,253.33,126.67,84.44,Yes,https://irshad.az/az/mehsullar/samsung-galaxy-s25-sm-s931-12-gb-128-gb-navy,https://storage.irshad.az/products/resized/ByGjs6bwPgNDI6jlHljqFCy0B9su53nn6b61wA1L.webp
103102,103102,HMD 110 4G DS Titanium,99.99,119.99,-17%,AZN,16.67,8.33,5.56,Yes,https://irshad.az/az/mehsullar/hmd-110-4g-ds-titanium,https://storage.irshad.az/products/resized/mxcJAHbEY5oi2jrltddA7PL745xRS7LxhcQuI2wL.webp
103101,103101,HMD 105 4G DS Black,89.99,109.99,-18%,AZN,15,7.50,5,Yes,https://irshad.az/az/mehsullar/hmd-105-4g-ds-black,https://storage.irshad.az/products/resized/4ep8E7A4ppLb8bcxBZrWD5rlJZUgldZzHY6CZfm8.webp
103095,103095,Xiaomi 15 12 GB / 512 GB Black,1899.99,2199.99,-14%,AZN,316.67,158.33,105.56,Yes,https://irshad.az/az/mehsullar/xiaomi-15-12-gb-512-gb-black,https://storage.irshad.az/products/resized/djKsdbCNC6YzvghZbHVQtP3Hv0dKW1Tu4W4t9WT7.webp
102937,102937,Poco X7 Pro 8 GB /  256 GB Yellow,729.99,879.99,-17%,AZN,121.67,60.83,40.56,Yes,https://irshad.az/az/mehsullar/poco-x7-pro-8-gb-256-gb-yellow,https://storage.irshad.az/products/resized/WffQdouIVBrbOynuOIX79OCDLYmK7CNYiBNrqJNn.webp
102932,102932,Poco X7 8 GB/ 256 GB Silver,549.99,699.99,-21%,AZN,91.67,45.83,30.56,Yes,https://irshad.az/az/mehsullar/poco-x7-8-gb-256-gb-silver,https://storage.irshad.az/products/resized/dXFuV0lmVF7EOSJSfOUf64G8hr2jqQ4yjpfA21lN.webp
102929,102929,Poco X7 12 GB/ 512 GB Green,659.99,819.99,-20%,AZN,110,55,36.67,Yes,https://irshad.az/az/mehsullar/poco-x7-12-gb-512-gb-green,https://storage.irshad.az/products/resized/dgJM1c0IOMul6lci5iwBHEUMJrRKsRA4R3HCuvky.webp
102936,102936,Poco X7 Pro 12 GB / 512GB Green,839.99,1049.99,-20%,AZN,140,70,46.67,Yes,https://irshad.az/az/mehsullar/poco-x7-pro-12-gb-512gb-green,https://storage.irshad.az/products/resized/eGXmsf0K7yIvDMRWyo1YewME5fenY6RPJuFiyXW5.webp
102881,102881,iPhone 16e 256 GB White,1789.99,1989.99,-10%,AZN,298.33,149.17,99.44,Yes,https://irshad.az/az/mehsullar/iphone-16e-256-gb-white,https://storage.irshad.az/products/resized/twbmsOur2ZfCoHrweNPriVFfV11q5GsAWiyugbD6.webp
102879,102879,iPhone 16e 128 GB Black,1499.99,1699.99,-12%,AZN,250,125,83.33,Yes,https://irshad.az/az/mehsullar/iphone-16e-128-gb-black,https://storage.irshad.az/products/resized/PdDG028oJPVZcVBgjbTNQtELBP1O7qObSVjrp7la.webp
102857,102857,HONOR Magic7 Pro 12 GB / 512 GB Gray,1999.99,2699.99,-26%,AZN,333.33,166.67,111.11,Yes,https://irshad.az/az/mehsullar/honor-magic7-pro-12-gb-512-gb-gray,https://storage.irshad.az/products/resized/yXzy6ctAjhBjA5IyM7WTEMOoXLpf33oNXBRYzV60.webp
102855,102855,HONOR Magic7 12 GB / 256 GB White,1499.99,2199.99,-32%,AZN,250,125,83.33,Yes,https://irshad.az/az/mehsullar/honor-magic7-12-gb-256-gb-white,https://storage.irshad.az/products/resized/Uy827jP3VshfUnA1FfVEEKaPC2PVLN0l06gJyZmN.png
102657,102657,Samsung Galaxy S25 Ultra (SM-S938) 12 GB / 512 GB Titanium Silver Blue,2619.99,3219.99,-19%,AZN,436.67,218.33,145.56,Yes,https://irshad.az/az/mehsullar/samsung-galaxy-s25-ultra-sm-s938-12-gb-512-gb-titanium-silver-blue,https://storage.irshad.az/products/resized/UI6EHsOI83PHTIMFGhDa02BOvGzfRiFRZCdJDyyP.webp
102644,102644,Samsung Galaxy S25 Ultra (SM-S938) 12 GB / 1 TB Titanium Gray,3049.99,3719.99,-18%,AZN,508.33,254.17,169.44,Yes,https://irshad.az/az/mehsullar/samsung-galaxy-s25-ultra-sm-s938-12-gb-1-tb-titanium-gray,https://storage.irshad.az/products/resized/GiEEKu3pGA1x8zZjlxNBMuqG4akxwgm173a0yTFm.webp
102642,102642,Samsung Galaxy S25 Ultra (SM-S938) 12 GB / 256 GB Titanium Black,2369.99,2869.99,-17%,AZN,395,197.50,131.67,Yes,https://irshad.az/az/mehsullar/samsung-galaxy-s25-ultra-sm-s938-12-gb-256-gb-titanium-black,https://storage.irshad.az/products/resized/UPGB0M5dwIhAdzveOwV3qS3RWvxxoekay4VpkwwA.webp
102640,102640,Samsung Galaxy S25 Plus (SM-S936) 12 GB / 512 GB Icy Blue,2219.99,2569.99,-14%,AZN,370,185,123.33,Yes,https://irshad.az/az/mehsullar/samsung-galaxy-s25-plus-sm-s936-12-gb-512-gb-icy-blue,https://storage.irshad.az/products/resized/OxDwgA2Ay1nVSWLAJQddyORJPyvW8Ho9GCBw4aJ7.webp
102637,102637,Samsung Galaxy S25 Plus (SM-S936) 12 GB / 256 GB Icy Blue,1849.99,2319.99,-20%,AZN,308.33,154.17,102.78,Yes,https://irshad.az/az/mehsullar/samsung-galaxy-s25-plus-sm-s936-12-gb-256-gb-icy-blue,https://storage.irshad.az/products/resized/hNhrX4xzDMIeeNzRZPSmX2TSU4FeZaqmXiOQT49O.webp
102418,102418,HONOR X8c 8 GB / 256 GB Marrs Green,499.99,599.99,-17%,AZN,83.33,41.67,27.78,Yes,https://irshad.az/az/mehsullar/honor-x8c-8-gb-256-gb-marrs-green,https://storage.irshad.az/products/resized/QdCCKYXjQ6QKklqSSpcbuTaSLEkhedjUo8OresAd.webp
102390,102390,HONOR X8c 8 GB / 128 GB Marrs Green,419.99,499.99,-16%,AZN,70,35,23.33,Yes,https://irshad.az/az/mehsullar/honor-x8c-8-gb-128-gb-marrs-green,https://storage.irshad.az/products/resized/Kflg7RiWYNarV3LsCekOLV5BDYGk2XZDOtVFBcEu.webp
102154,102154,Xiaomi Redmi Note 14 Pro+ 12 GB / 512 GB Frost Blue,1049.99,1199.99,-13%,AZN,175,87.50,58.33,Yes,https://irshad.az/az/mehsullar/xiaomi-redmi-note-14-pro-12-gb-512-gb-frost-blue,https://storage.irshad.az/products/resized/L48IHcHIONPqe82EYbRF8Np5OtIpxdKY5vknYDAU.webp
102137,102137,Xiaomi Redmi Note 14 8 GB / 256 GB Ocean Blue,449.99,549.99,-18%,AZN,75,37.50,25,Yes,https://irshad.az/az/mehsullar/xiaomi-redmi-note-14-8-gb-256-gb-ocean-blue,https://storage.irshad.az/products/resized/rQcRd74CzKCyvXoWqPZfWJ4VUsc9DW45ROmPArEt.webp
102134,102134,Xiaomi Redmi Note 14 6 GB / 128 GB Midnight Black,399.99,479.99,-17%,AZN,66.67,33.33,22.22,Yes,https://irshad.az/az/mehsullar/xiaomi-redmi-note-14-6-gb-128-gb-midnight-black,https://storage.irshad.az/products/resized/P0ayWaIbYAK6lGzh0PwQIcuQNAk80V3eRVmdz78u.webp
101796,101796,Infinix Smart 9 64+3(4G) X6532 Metallic Black,189.99,319.99,-41%,AZN,31.67,15.83,10.56,Yes,https://irshad.az/az/mehsullar/infinix-smart-9-6434g-x6532-metallic-black-101796,https://storage.irshad.az/products/resized/1bLNqCh1JFfOonxc17Vu0Td0KbP7F87eEK99sE6H.webp
101727,101727,HONOR X9c smart 8 GB / 256 GB Moonlight White,549.99,649.99,-15%,AZN,91.67,45.83,30.56,Yes,https://irshad.az/az/mehsullar/honor-x9c-smart-8-gb-256-gb-moonlight-white,https://storage.irshad.az/products/resized/NQ5EYnz2JpqjGuNe2k23iFuaeaK0ppSdiSdlfuBa.webp
101700,101700,Nokia 235 DS Purple,159.99,179.99,-11%,AZN,26.67,13.33,8.89,Yes,https://irshad.az/az/mehsullar/nokia-235-ds-purple,https://storage.irshad.az/products/resized/I7nCPrBi3VqTyL6dCSE12As4B6YbuAgdO3jj6mZt.webp
101620,101620,HONOR X9c 12 GB / 256 GB Titanium Black,719.99,849.99,-15%,AZN,120,60,40,Yes,https://irshad.az/az/mehsullar/honor-x9c-12-gb-256-gb-titanium-black,https://storage.irshad.az/products/resized/OjjtpT1HyLhlOUgieZ9G3OGNf1Qf2vkCMgDMYA3n.webp
101596,101596,Nokia 215 4G Peach (2024),129.99,149.99,-13%,AZN,21.67,10.83,7.22,Yes,https://irshad.az/az/mehsullar/nokia-215-4g-peach-2024,https://storage.irshad.az/products/resized/euFLmD9a58967hugICsLPU62ZJhsSsVspNgeKEf7.webp
101508,101508,HONOR X9c 8 GB / 256 GB Titanium Black,639.99,799.99,-20%,AZN,106.67,53.33,35.56,Yes,https://irshad.az/az/mehsullar/honor-x9c-8-gb-256-gb-titanium-black,https://storage.irshad.az/products/resized/ah1CrsXlrTgQuVVGbDez3VKrTS4M9gmHCC5SFsYY.webp
101103,101103,HONOR X5b 4 GB / 64 GB Ocean Blue,159.99,199.99,-20%,AZN,26.67,13.33,8.89,Yes,https://irshad.az/az/mehsullar/honor-x5b-4-gb-64-gb-ocean-blue,https://storage.irshad.az/products/resized/wQSY5ZgHhuqnaqXCKLokkNDwdbCKNPjkUpiCMV1A.webp
100669,100669,HONOR X5b Plus 4 GB / 128 GB Ocean Blue,199.99,259.99,-23%,AZN,33.33,16.67,11.11,Yes,https://irshad.az/az/mehsullar/honor-x5b-plus-4-gb-128-gb-ocean-blue,https://storage.irshad.az/products/resized/R0kVyCgoRIL8RYkDS4aVdta8m58EOGrG4NOdBkky.webp
99738,99738,Infinix_HOT 50 X6882 256+8 Titanium Grey,419.99,559.99,-25%,AZN,70,35,23.33,Yes,https://irshad.az/az/mehsullar/infinix-hot-50-x6882-2568-titanium-grey,https://storage.irshad.az/products/resized/T6K1q2HxHt6cXIIMcEl2K7U3NesXKgZMtI468Dxb.webp
99735,99735,Infinix_HOT 50 X6882 128+8 Black,359.99,499.99,-28%,AZN,60,30,20,Yes,https://irshad.az/az/mehsullar/infinix-hot-50-x6882-1288-black,https://storage.irshad.az/products/resized/CGsRE2R6uCQ8bRIxoIhwBfyZUS6cA0LsOc3CN0rN.webp
99687,99687,iPhone 16 Pro Max 256 GB Black Titanium,2999.99,3499.99,-14%,AZN,500,250,166.67,Yes,https://irshad.az/az/mehsullar/iphone-16-pro-max-256-gb-black-titanium-3,https://storage.irshad.az/products/resized/xjzU3S9VmU3epU5hca29MUGJPT9iZskmkFQSqCtb.webp
99525,99525,iPhone 16 128 GB Pink,1829.99,2169.99,-16%,AZN,305,152.50,101.67,Yes,https://irshad.az/az/mehsullar/iphone-16-128-gb-pink,https://storage.irshad.az/products/resized/QFHgBNLXVMzFGEklhPJZxrw0EaHmJmIgybQWLP3n.webp
99267,99267,Infinix Hot 40 NFC X6836 256+8 (4G) Gold,549.99,,,AZN,91.67,45.83,30.56,Yes,https://irshad.az/az/mehsullar/infinix-hot-40-nfc-x6836-2568-4g-gold,https://storage.irshad.az/products/resized/MvaUw6M9Fq6KuZJeNetPTaC2RR7UzSioh2f6OL1J.webp
99110,99110,Nokia 225 4G Dark Blue (2024),149.99,169.99,-12%,AZN,25,12.50,8.33,Yes,https://irshad.az/az/mehsullar/nokia-225-4g-dark-blue-2024,https://storage.irshad.az/products/resized/NBoIpw98V36LwPgqyrHxYrBtlmAakE7Cn6f7iynl.webp
99108,99108,Nokia 215 4G Black (2024),129.99,149.99,-13%,AZN,21.67,10.83,7.22,Yes,https://irshad.az/az/mehsullar/nokia-215-4g-black-2024,https://storage.irshad.az/products/resized/30vDf2dpzZtyzn1DPjtalOVqz2kWpMI7L9W6nomk.webp
98048,98048,HONOR 200 Pro 12 GB / 512 GB Ocean Cyan,1299.99,1499.99,-13%,AZN,216.67,108.33,72.22,Yes,https://irshad.az/az/mehsullar/honor-200-pro-12-gb-512-gb-ocean-cyan,https://storage.irshad.az/products/resized/DsHufEts7XWVB2juM982AIMjHkc1S9pswWsAqX0w.webp
98047,98047,HONOR 200 Pro 12 GB / 512 GB Moonlight White,1299.99,1499.99,-13%,AZN,216.67,108.33,72.22,Yes,https://irshad.az/az/mehsullar/honor-200-pro-12-gb-512-gb-moonlight-white,https://storage.irshad.az/products/resized/AFilHrCya1UEGtQirlsaxxorkOqf5ScndfICmBsD.webp
98036,98036,HONOR 200 12 GB / 512 GB Moonlight White,899.99,1099.99,-18%,AZN,150,75,50,Yes,https://irshad.az/az/mehsullar/honor-200-12-gb-512-gb-moonlight-white,https://storage.irshad.az/products/resized/L6Rg6TqgftDUYEy90usN3FdaKiDTEIwsA4ZBXJ46.webp
98022,98022,HONOR 200  8 GB / 256 GB Black,799.99,949.99,-16%,AZN,133.33,66.67,44.44,Yes,https://irshad.az/az/mehsullar/honor-200-8-gb-256-gb-black,https://storage.irshad.az/products/resized/hbVkLcx8PV0HBBRCYsS8g9QWTggrqCar436NW3zs.webp
97807,97807,Samsung Galaxy Z Fold 6 (SM-F956) 12 GB / 256 GB Dark Blue,3399.99,3799.99,-11%,AZN,566.67,283.33,188.89,Yes,https://irshad.az/az/mehsullar/samsung-galaxy-z-fold-6-sm-f956-12-gb-256-gb-dark-blue,https://storage.irshad.az/products/resized/vy37iKQkKE06QmDLty51NqFHoJzSwMfK8dUGAqpN.webp
97797,97797,Samsung Galaxy Z Flip 6 (SM-F741) 12 GB / 256 GB Light Blue,1999.99,2299.99,-13%,AZN,333.33,166.67,111.11,Yes,https://irshad.az/az/mehsullar/samsung-galaxy-z-flip-6-sm-f741-12-gb-256-gb-light-blue,https://storage.irshad.az/products/resized/Szzj5MQgUdl2freKJk5p4uPKTffsaY3YgsQgaeKP.webp
96425,96425,İnfinix Smart 8 X6525 64+3(4G),309.99,,,AZN,51.67,25.83,17.22,Yes,https://irshad.az/az/mehsullar/infinix-smart-8-x6525-6434g,https://storage.irshad.az/products/resized/7gxLv2GNyFCa9VfoxIluCo3PJpr82imbDwDO75zp.webp
96243,96243,Nokia 3210 DS Black,179.99,199.99,-10%,AZN,30,15,10,Yes,https://irshad.az/az/mehsullar/nokia-3210-ds-black,https://storage.irshad.az/products/resized/W5v1AOYkQaAvr1xIE4u7x44GkC33S59SIki0b1pe.webp
95879,95879,Infinix Note 40 Pro 12+256GB X6850 Black,729.99,949.99,-23%,AZN,121.67,60.83,40.56,Yes,https://irshad.az/az/mehsullar/infinix-note-40-pro-12256gb-x6850-black,https://storage.irshad.az/products/resized/Zt7eNbNcwZrOzwZ37vT9RlzpWcaGLITZgxMaXQKF.webp
95844,95844,HONOR 200 Lite 8 GB / 256 GB Cyan Lake,499.99,559.99,-11%,AZN,83.33,41.67,27.78,Yes,https://irshad.az/az/mehsullar/honor-200-lite-8-gb-256-gb-cyan-lake,https://storage.irshad.az/products/resized/zft4iKxJtwDF7sOc8QbelC5b87zMo366S9cM4g5h.webp
95030,95030,Nokia 235 DS Black,159.99,179.99,-11%,AZN,26.67,13.33,8.89,Yes,https://irshad.az/az/mehsullar/nokia-235-ds-black,https://storage.irshad.az/products/resized/KERxTvzPbtZB1JBxYYqWWDheekxjqedfzOBXiKEP.webp
94252,94252,Infinix Note 40 8+256GB X6853 OBSIDI BLACK,549.99,649.99,-15%,AZN,91.67,45.83,30.56,Yes,https://irshad.az/az/mehsullar/infinix-note-40-8256gb-x6853-obsidi-black,https://storage.irshad.az/products/resized/icdAt5tPwL8nk0uaNEYhOGEkMTmBKeb4Q3judPvD.webp
93510,93510,Infinix HOT 40i 4+128G X6528 Black,269.99,399.99,-33%,AZN,45,22.50,15,Yes,https://irshad.az/az/mehsullar/infinix-hot-40i-4128g-x6528-black,https://storage.irshad.az/products/resized/aocdttrvvp31c0lSGNKiDKom0kF76QRFJCohrSHQ.webp
93131,93131,Infinix Smart 8 Plus 4GB/128GB X6526 Black,269.99,399.99,-33%,AZN,45,22.50,15,Yes,https://irshad.az/az/mehsullar/infinix-smart-8-plus-4gb128gb-x6526-black,https://storage.irshad.az/products/resized/iYqymeUezvEnIkkJCxKEckNIIjSbw46ZC3ODkRD2.webp
92455,92455,HONOR X8b 8GB/256GB Titanium Silver,479.99,529.99,-9%,AZN,80,40,26.67,Yes,https://irshad.az/az/mehsullar/honor-x8b-8gb-256gb-titanium-silver-2,https://storage.irshad.az/products/resized/y97y7elhjdgteBsiIdqXUfSQUhfw0HzQPexVJlbH.webp
92008,92008,Poco M6 Pro 12 GB / 512 GB Black,549.99,649.99,-15%,AZN,91.67,45.83,30.56,Yes,https://irshad.az/az/mehsullar/poco-m6-pro-12-gb-512-gb-black,https://storage.irshad.az/products/resized/9AxQDA0P2TCyKlqjH1aefuv9tFeVuFLVvDtEJVyg.webp
91924,91924,HONOR X8b 8 GB/ 128 GB Midnight Black,399.99,449.99,-11%,AZN,66.67,33.33,22.22,Yes,https://irshad.az/az/mehsullar/honor-x8b-8-gb-128-gb-midnight-black,https://storage.irshad.az/products/resized/KiwB4KfjyMQtItJXlI6XIvQRrDXSKkf4jtld2kh9.webp
91751,91751,Infinix Hot 40İ 8GB 128GB NFC X6528 Black,309.99,439.99,-30%,AZN,51.67,25.83,17.22,Yes,https://irshad.az/az/mehsullar/infinix-hot-40i-8gb-128gb-nfc-x6528-black,https://storage.irshad.az/products/resized/5DPrwxWSjOlrIVQxyBeuXxxiHjvgdflkit4i0iZ6.webp
91748,91748,Samsung Galaxy S24 (SM-S921) 8 GB / 256 GB Black,1539.99,1819.99,-15%,AZN,256.67,128.33,85.56,Yes,https://irshad.az/az/mehsullar/samsung-galaxy-s24-sm-s921-8-gb-256-gb-black,https://storage.irshad.az/products/resized/iFB8F8Z9oBU3ZahQQ2ovJAJrhsgBUCSN7h5M1MVZ.webp
91747,91747,Samsung Galaxy S24 (SM-S921) 8 GB / 128 GB Black,1399.99,1669.99,-16%,AZN,233.33,116.67,77.78,Yes,https://irshad.az/az/mehsullar/samsung-galaxy-s24-sm-s921-8-gb-128-gb-black,https://storage.irshad.az/products/resized/lTQwDZp6I3gNhKmjNzeVMhLRRX6V6zDiisKqKQco.webp
90230,90230,Nokia 150 DS (2023) Red,99.99,119.99,-17%,AZN,16.67,8.33,5.56,Yes,https://irshad.az/az/mehsullar/nokia-150-ds-2023-red,https://storage.irshad.az/products/resized/4NdgK1cR7HG5VSG89ygt6yqqoxi82UDA6xRSXcXY.webp
90074,90074,HONOR X9b 8 GB / 256 GB Sunrise Orange,619.99,699.99,-11%,AZN,103.33,51.67,34.44,Yes,https://irshad.az/az/mehsullar/honor-x9b-8-gb-256-gb-sunrise-orange-3,https://storage.irshad.az/products/resized/k1gZIxzr4KhGpiSrcHrirFmyhm1aocD8dvGjwvLg.webp
90072,90072,HONOR X9b 12 GB / 256 GB Sunrise Orange,679.99,749.99,-9%,AZN,113.33,56.67,37.78,Yes,https://irshad.az/az/mehsullar/honor-x9b-12-gb-256-gb-sunrise-orange,https://storage.irshad.az/products/resized/yDhRYYIaWLCWUlKqalncXXWioDWrEtGlv29j6JXi.webp
102206,102206,Infinix Zero 30 12GB 256GB 5G Fantasy Purple,809.99,999.99,-10%,AZN,135,67.50,45,Yes,https://irshad.az/az/mehsullar/infinix-zero-30-12gb-256gb-5g-fantasy-purple-102206,https://storage.irshad.az/products/resized/Qh2dhT3bbI83pwyI7KlJV5S8HMhP8h2JzmHcKWcN.webp
89745,89745,Nokia 105 SS (2023) Charcoal,59.99,79.99,-25%,AZN,10,5,3.33,Yes,https://irshad.az/az/mehsullar/nokia-105-ss-2023-charcoal,https://storage.irshad.az/products/resized/rfWuHsSBMbPbEXBlEcwFIvb7EtZ7hWItq58WCIU9.webp
89734,89734,Infinix Note 30 8GB 256GB NFC X6833B Blue,469.99,599.99,-22%,AZN,78.33,39.17,26.11,Yes,https://irshad.az/az/mehsullar/infinix-note-30-8gb-256gb-nfc-x6833b-blue,https://storage.irshad.az/products/resized/0d0c9GOxbZwdBvq28MUXYBJexAQCTxNlwFY6D9kM.webp
89632,89632,Oppo A38 4/128 GB Black,329.99,459.99,-28%,AZN,55,27.50,18.33,Yes,https://irshad.az/az/mehsullar/oppo-a38-4128-gb-black,https://storage.irshad.az/products/resized/UWvmoKEZ2Y1ZOhZpK98iYZAYJwzFpn9lv3L2V1oH.webp
89120,89120,Nokia 130 DS (2023) Light Gold,89.99,109.99,-18%,AZN,15,7.50,5,Yes,https://irshad.az/az/mehsullar/nokia-130-ds-2023-light-gold,https://storage.irshad.az/products/resized/cHsVJGkjzN8zSfpMvJSJS3B4rh2xS5Hn4VdNFeSv.webp
89000,89000,Infinix Note 30 Pro 8/256 GB NFC Black,589.99,749.99,-21%,AZN,98.33,49.17,32.78,Yes,https://irshad.az/az/mehsullar/infinix-note-30-pro-8256-gb-nfc-black,https://storage.irshad.az/products/resized/jLTX7CPZvhpF5pp28mvKf0nRFpnTUQ6i7iKkqNBn.webp
88998,88998,Infinix Note 30 Pro 8/256 GB NFC Gold,589.99,749.99,-21%,AZN,98.33,49.17,32.78,Yes,https://irshad.az/az/mehsullar/infinix-note-30-pro-8256-gb-nfc-gold,https://storage.irshad.az/products/resized/33HMd6nDoXklkrFo4NRNtnxk8DHvopyrJasPbPYh.webp
88657,88657,Infinix Note 30 8GB 128GB NFC X6833B Blue,419.99,559.99,-25%,AZN,70,35,23.33,Yes,https://irshad.az/az/mehsullar/infinix-note-30-8gb-128gb-nfc-x6833b-blue-3,https://storage.irshad.az/products/resized/KKIX06XnVZxvcWcCtBaRNfG0Mz8RRSbY2Ht0g30G.webp
88517,88517,Oppo A78 8/256 GB Green,599.99,699.99,-14%,AZN,100,50,33.33,Yes,https://irshad.az/az/mehsullar/oppo-a78-8256-gb-green,https://storage.irshad.az/products/resized/k5cw3b8BFYnpTg7oG4oridoc51iYzas8b2hLG41s.webp
88264,88264,iPhone 15 128 GB Black,1549.99,1899.99,-18%,AZN,258.33,129.17,86.11,Yes,https://irshad.az/az/mehsullar/iphone-15-128-gb-black,https://storage.irshad.az/products/resized/KHsfA2InSYPn2dNxHqaoOkgkldSXD60Oi0ZQ8rfJ.webp
86385,86385,Nokia 105 DualSim (2023) Red,69.99,89.99,-22%,AZN,11.67,5.83,3.89,Yes,https://irshad.az/az/mehsullar/nokia-105-dualsim-2023-red,https://storage.irshad.az/products/resized/seoFfVYLZDRGt6DCHgBfJuAsZFYCAqoGgynmupon.webp
81966,81966,Infinix Zero 20 NFC LTE 8 GB 256 GB Gray,359.99,499.99,-28%,AZN,60,30,20,Yes,https://irshad.az/az/mehsullar/infinix-zero-20-nfc-lte-8gb-256gb-gray,https://storage.irshad.az/products/resized/0kaShiTWaWkvGr13OxukqDWpIGbJE1bHNaR94bHj.webp
80871,80871,Infinix Hot 12i LTE 4 GB 64 GB/Black,399.99,,,AZN,66.67,33.33,22.22,Yes,https://irshad.az/az/mehsullar/infinix-hot-12i-lte-4gb-64gbblack-80871,https://storage.irshad.az/products/resized/9SzppcakMXb94K5iem1ZU7kLhLeaNub8EuYT47cr.webp
80293,80293,iPhone 14 128 GB Midnight,1379.99,1599.99,-14%,AZN,230,115,76.67,Yes,https://irshad.az/az/mehsullar/iphone-14-128gb-midnight,https://storage.irshad.az/products/resized/oFkbxCxb6jCuXitBAVQMqpF14Z6ieTctzHKObqOI.webp
80291,80291,Nokia 2660 Black,179.99,199.99,-10%,AZN,30,15,10,Yes,https://irshad.az/az/mehsullar/nokia-2660-black,https://storage.irshad.az/products/resized/YeCLPfo4XYx5IFRFvb3HkNGDWkf26IXCLlwHWMJV.webp
80289,80289,Nokia 5710 XpressAudio Black,199.99,219.99,-9%,AZN,33.33,16.67,11.11,Yes,https://irshad.az/az/mehsullar/nokia-5710-xpressaudio-black,https://storage.irshad.az/products/resized/y1w1hnsY8JN9sJQwgaTYVNVEHHzJnq75beQcZcro.webp
79096,79096,Nokia 8210 4G Blue,179.99,199.99,-10%,AZN,30,15,10,Yes,https://irshad.az/az/mehsullar/nokia-8210-4g-blue,https://storage.irshad.az/products/resized/2mci4QVlqbiwjuJpPxBltBGw7Oy6U9T21afw06wy.webp
44264,44264,iPhone 13 128 GB Midnight,1179.99,1379.99,-14%,AZN,196.67,98.33,65.56,Yes,https://irshad.az/az/mehsullar/iphone-13-128-gb-midnight-861613,https://storage.irshad.az/products/resized/z92IOhZeLQb5Ca0kdOzQ3SgIssIxyfYOV0O9aE90.webp
43971,43971,Nokia 6310 (2021) Black,149.99,169.99,-12%,AZN,25,12.50,8.33,Yes,https://irshad.az/az/mehsullar/nokia-6310-2021-black-825184,https://storage.irshad.az/products/resized/hSKBkaAGgijnHt0VVtb0K49upp5JBzVoqptsSMzy.webp
43964,43964,Nokia 230 Black,169.99,189.99,-11%,AZN,28.33,14.17,9.44,Yes,https://irshad.az/az/mehsullar/nokia-230-black-1385,https://storage.irshad.az/products/resized/vV3vMX4EnCPW6XEhVDiimYEy5fpNkSIRcgFZwLLW.webp
43960,43960,Nokia 225 4G Black,129.99,149.99,-13%,AZN,21.67,10.83,7.22,Yes,https://irshad.az/az/mehsullar/nokia-225-4g-black-409482,https://storage.irshad.az/products/resized/EWsjWwHye5O9lTyorBD4TL6Wrd3qQvCh7rJOFpWa.webp
43956,43956,Nokia 5310 Black/Red,129.99,149.99,-13%,AZN,21.67,10.83,7.22,Yes,https://irshad.az/az/mehsullar/nokia-5310-blackred-288152,https://storage.irshad.az/products/resized/9ogSMiLx1aJbGVHMATT3bOTysMLhUYVOmEmAFgjn.webp
